Header_Length,Protocol Type,Rate,fin_flag_number,syn_flag_number,rst_flag_number,psh_flag_number,ack_flag_number,ece_flag_number,cwr_flag_number,rst_count,HTTP,HTTPS,DNS,Telnet,SMTP,SSH,IRC,DHCP,ARP,ICMP,IGMP,class_name
8.0,17,400.51411819753065,0.0,0.0,0.0,0.0,0.0,0.0,0.0,0,0.0,0.0,0.0,0.0,0.0,0.0,0.0,0.0,0.0,0.0,0.0,Spoofing
28.56,6,5600.021362386178,0.01,0.05,0.32,0.24,0.63,0.0,0.0,32,0.0,0.0,0.0,0.0,0.0,0.0,0.0,0.0,0.0,0.0,0.0,MQTT
22.8,6,16396.16903170322,0.0,0.99,0.01,0.0,0.7,0.0,0.0,1,0.0,0.0,0.0,0.0,0.0,0.0,0.0,0.0,0.0,0.0,0.0,DoS
31.52,6,25.27022084174584,0.0,0.0,0.0,0.36,0.98,0.0,0.0,0,0.0,0.02,0.0,0.0,0.0,0.0,0.0,0.0,0.0,0.0,0.0,Benign
13.6,0,236.93821636980925,0.0,0.0,0.0,0.0,0.4,0.0,0.0,0,0.0,0.0,0.0,0.0,0.0,0.0,0.0,0.0,0.5,0.0,0.0,Recon
28.6,6,16.669302933441603,0.0,0.0,0.0,0.44,0.89,0.0,0.0,0,0.0,0.01,0.0,0.0,0.0,0.0,0.0,0.0,0.08,0.0,0.0,Benign
31.52,6,33.35394543645492,0.0,0.0,0.0,0.41,0.98,0.0,0.0,0,0.0,0.01,0.0,0.0,0.0,0.0,0.0,0.0,0.0,0.0,0.0,Benign
20.52,6,27033.86400257815,0.0,0.66,0.34,0.0,0.13,0.0,0.0,34,0.0,0.0,0.0,0.0,0.0,0.0,0.0,0.0,0.0,0.0,0.0,DDoS
32.0,6,10931.206671879072,0.0,0.0,0.0,0.5,1.0,0.0,0.0,0,0.0,0.0,0.0,0.0,0.0,0.0,0.0,0.0,0.0,0.0,0.0,Spoofing
31.28,6,46315.19434628976,0.2,0.18,0.19,0.26,0.65,0.0,0.0,19,0.0,0.0,0.0,0.0,0.0,0.0,0.0,0.0,0.0,0.0,0.0,MQTT
6.0,0,197.24998706728303,0.0,0.0,0.0,0.2,0.3,0.0,0.0,0,0.0,0.3,0.0,0.0,0.0,0.0,0.0,0.0,0.7,0.0,0.0,Spoofing
34.64,6,6677.33944662018,0.13,0.36,0.08,0.23,0.67,0.0,0.0,8,0.0,0.0,0.0,0.0,0.0,0.0,0.0,0.0,0.0,0.0,0.0,MQTT
20.0,6,1507.603608784731,0.0,0.0,1.0,0.0,1.0,0.0,0.0,10,0.0,0.0,0.0,0.0,0.0,0.0,0.0,0.0,0.0,0.0,0.0,Recon
28.08,6,68166.8129367788,0.13,0.14,0.42,0.17,0.49,0.0,0.0,42,0.0,0.0,0.0,0.0,0.0,0.0,0.0,0.0,0.0,0.0,0.0,MQTT
8.0,17,49654.36249556056,0.0,0.0,0.0,0.0,0.0,0.0,0.0,0,0.0,0.0,0.0,0.0,0.0,0.0,0.0,0.0,0.0,0.0,0.0,DDoS
20.0,6,inf,0.0,0.0,1.0,0.0,1.0,0.0,0.0,10,0.0,0.0,0.0,0.0,0.0,0.0,0.0,0.0,0.0,0.0,0.0,Recon
0.0,1,14682.339762663212,0.0,0.0,0.0,0.0,0.0,0.0,0.0,0,0.0,0.0,0.0,0.0,0.0,0.0,0.0,0.0,0.0,1.0,0.0,DDoS
32.0,6,8076.84190256114,0.0,0.0,0.0,0.0,1.0,0.0,0.0,0,0.0,1.0,0.0,0.0,0.0,0.0,0.0,0.0,0.0,0.0,0.0,MQTT
0.0,1,59099.675919402565,0.0,0.0,0.0,0.0,0.0,0.0,0.0,0,0.0,0.0,0.0,0.0,0.0,0.0,0.0,0.0,0.0,1.0,0.0,DDoS
8.0,17,48.48883935796829,0.0,0.0,0.0,0.0,0.0,0.0,0.0,0,0.0,0.0,0.0,0.0,0.0,0.0,0.0,0.0,0.0,0.0,0.0,Spoofing
20.0,6,17346.170388751034,0.0,1.0,0.0,0.0,0.0,0.0,0.0,0,0.0,0.0,0.0,0.0,0.0,0.0,0.0,0.0,0.0,0.0,0.0,DoS
0.0,1,79167.6859192148,0.0,0.0,0.0,0.0,0.0,0.0,0.0,0,0.0,0.0,0.0,0.0,0.0,0.0,0.0,0.0,0.0,1.0,0.0,DDoS
8.0,17,48050.223393286746,0.0,0.0,0.0,0.0,0.0,0.0,0.0,0,0.0,0.0,0.0,0.0,0.0,0.0,0.0,0.0,0.0,0.0,0.0,DDoS
24.0,6,3379.505277576344,0.0,1.0,0.0,0.0,0.0,0.0,0.0,0,0.0,0.0,0.0,0.0,0.0,0.0,0.0,0.0,0.0,0.0,0.0,Recon
21.88,6,81490.26617447057,0.0,1.0,0.0,0.0,0.47,0.0,0.0,0,0.0,0.0,0.0,0.0,0.0,0.0,0.0,0.0,0.0,0.0,0.0,DDoS
21.16,6,21669.27051043604,0.0,0.32,0.67,0.0,0.32,0.0,0.0,67,0.0,0.0,0.0,0.0,0.0,0.0,0.0,0.0,0.0,0.0,0.0,DoS
0.0,1,17568.501298483705,0.0,0.0,0.0,0.0,0.0,0.0,0.0,0,0.0,0.0,0.0,0.0,0.0,0.0,0.0,0.0,0.0,1.0,0.0,DoS
8.0,17,50558.14850530376,0.0,0.0,0.0,0.0,0.0,0.0,0.0,0,0.0,0.0,0.0,0.0,0.0,0.0,0.0,0.0,0.0,0.0,0.0,DDoS
32.0,6,2226.748778933956,0.0,0.0,0.0,0.0,1.0,0.0,0.0,0,0.0,1.0,0.0,0.0,0.0,0.0,0.0,0.0,0.0,0.0,0.0,Spoofing
32.0,6,4838.278924904834,0.0,0.0,0.0,0.0,1.0,0.0,0.0,0,0.0,1.0,0.0,0.0,0.0,0.0,0.0,0.0,0.0,0.0,0.0,Spoofing
32.0,6,20702.38894373149,0.0,0.0,0.0,0.8,1.0,0.0,0.0,0,0.0,0.0,0.0,0.0,0.0,0.0,0.0,0.0,0.0,0.0,0.0,Spoofing
16.0,6,416.20068270223067,0.0,0.5,0.0,0.0,0.0,0.0,0.0,0,0.0,0.0,0.0,0.0,0.0,0.0,0.0,0.0,0.0,0.0,0.0,Recon
20.0,6,68860.67969134789,0.0,0.0,0.0,0.0,0.0,0.0,0.0,0,0.0,0.0,0.0,0.0,0.0,0.0,0.0,0.0,0.0,0.0,0.0,DDoS
24.0,6,200684.4019138756,0.0,1.0,0.0,0.0,0.0,0.0,0.0,0,0.0,0.0,0.0,0.0,0.0,0.0,0.0,0.0,0.0,0.0,0.0,Recon
30.8,6,16.66749455007663,0.0,0.0,0.0,0.48,0.95,0.0,0.0,0,0.0,0.0,0.0,0.0,0.0,0.0,0.0,0.01,0.0,0.0,0.0,Benign
32.0,6,4562.001305199043,0.0,0.0,0.0,0.0,1.0,0.0,0.0,0,0.0,1.0,0.0,0.0,0.0,0.0,0.0,0.0,0.0,0.0,0.0,Spoofing
15.2,17,345.4803344178576,0.0,0.0,0.0,0.1,0.3,0.0,0.0,0,0.0,0.0,0.0,0.0,0.0,0.0,0.0,0.0,0.0,0.0,0.0,Spoofing
8.0,17,9213.18835804503,0.0,0.0,0.0,0.0,0.0,0.0,0.0,0,0.0,0.0,0.0,0.0,0.0,0.0,0.0,0.0,0.0,0.0,0.0,DoS
20.8,6,3982.816446681227,0.0,0.8,0.0,0.0,0.0,0.0,0.0,0,0.0,0.0,0.0,0.0,0.0,0.0,0.0,0.0,0.0,0.0,0.0,Recon
8.0,17,31736.561743341405,0.0,0.0,0.0,0.0,0.0,0.0,0.0,0,0.0,0.0,0.0,0.0,0.0,0.0,0.0,0.0,0.0,0.0,0.0,DoS
23.6,6,4226.424828698106,0.0,0.9,0.1,0.0,0.1,0.0,0.0,1,0.0,0.0,0.0,0.0,0.0,0.0,0.0,0.0,0.0,0.0,0.0,Recon
20.0,6,2617.023772384102,0.0,0.0,1.0,0.0,1.0,0.0,0.0,10,0.0,0.0,0.0,0.0,0.0,0.0,0.0,0.0,0.0,0.0,0.0,Recon
8.0,17,1849.4219321839587,0.0,0.0,0.0,0.0,0.0,0.0,0.0,0,0.0,0.0,0.0,0.0,0.0,0.0,0.0,0.0,0.0,0.0,0.0,Spoofing
8.0,17,65403.1498518634,0.0,0.0,0.0,0.0,0.0,0.0,0.0,0,0.0,0.0,0.0,0.0,0.0,0.0,0.0,0.0,0.0,0.0,0.0,DDoS
0.08,1,14930.067988466875,0.0,0.0,0.0,0.0,0.0,0.0,0.0,0,0.0,0.0,0.0,0.0,0.0,0.0,0.0,0.0,0.0,0.99,0.0,DDoS
31.16,6,50.14406706814879,0.0,0.0,0.0,0.39,0.97,0.0,0.0,0,0.0,0.0,0.0,0.0,0.0,0.0,0.0,0.0,0.0,0.0,0.0,Benign
30.0,6,50.57174240423837,0.0,0.1,0.1,0.4,0.9,0.0,0.0,1,0.0,0.0,0.0,0.0,0.0,0.0,0.0,0.0,0.0,0.0,0.0,Recon
8.0,17,62341.0225921522,0.0,0.0,0.0,0.0,0.0,0.0,0.0,0,0.0,0.0,0.0,0.0,0.0,0.0,0.0,0.0,0.0,0.0,0.0,DDoS
29.88,6,60021.5226101889,0.17,0.17,0.33,0.1,0.54,0.0,0.0,33,0.0,0.0,0.0,0.0,0.0,0.0,0.0,0.0,0.0,0.0,0.0,MQTT
8.0,17,360.7631040236707,0.0,0.0,0.0,0.0,0.0,0.0,0.0,0,0.0,0.0,0.2,0.0,0.0,0.0,0.0,0.0,0.0,0.0,0.0,Spoofing
31.64,6,32.41836790217504,0.0,0.0,0.0,0.23,0.99,0.0,0.0,0,0.0,0.59,0.0,0.0,0.0,0.0,0.0,0.0,0.0,0.0,0.0,Benign
24.0,6,1680.141003044384,0.0,1.0,0.0,0.0,0.0,0.0,0.0,0,0.0,0.0,0.0,0.0,0.0,0.0,0.0,0.0,0.0,0.0,0.0,Recon
20.0,6,21682.7129859388,0.0,1.0,0.0,0.0,0.0,0.0,0.0,0,0.0,0.0,0.0,0.0,0.0,0.0,0.0,0.0,0.0,0.0,0.0,DoS
20.0,6,inf,0.0,0.0,1.0,0.0,1.0,0.0,0.0,10,0.0,0.0,0.0,0.0,0.0,0.0,0.0,0.0,0.0,0.0,0.0,Recon
8.0,17,15921.287579714546,0.0,0.0,0.0,0.0,0.0,0.0,0.0,0,0.0,0.0,0.0,0.0,0.0,0.0,0.0,0.0,0.0,0.0,0.0,DoS
9.6,17,2333.7992432673045,0.0,0.1,0.0,0.0,0.0,0.0,0.0,0,0.0,0.0,0.0,0.0,0.0,0.0,0.0,0.0,0.0,0.0,0.0,Recon
20.0,6,3389.88442576578,0.0,0.0,1.0,0.0,1.0,0.0,0.0,10,0.0,0.0,0.0,0.0,0.0,0.0,0.0,0.0,0.0,0.0,0.0,Recon
31.28,6,25.040910921595152,0.0,0.0,0.0,0.46,0.98,0.0,0.0,0,0.0,0.03,0.0,0.0,0.0,0.0,0.0,0.0,0.0,0.0,0.0,Benign
31.24,6,77888.65366759516,0.15,0.1,0.19,0.25,0.85,0.0,0.0,19,0.0,0.0,0.0,0.0,0.0,0.0,0.0,0.0,0.0,0.0,0.0,MQTT
8.0,17,7194.346483704974,0.0,0.0,0.0,0.0,0.0,0.0,0.0,0,0.0,0.0,0.0,0.0,0.0,0.0,0.0,0.0,0.0,0.0,0.0,Spoofing
31.64,6,100.4160235503278,0.0,0.0,0.0,0.5,1.0,0.0,0.0,0,0.0,0.03,0.0,0.0,0.0,0.0,0.0,0.0,0.0,0.0,0.0,Benign
20.0,6,14257.126346918658,0.0,0.0,0.0,0.0,0.0,0.0,0.0,0,0.0,0.0,0.0,0.0,0.0,0.0,0.0,0.0,0.0,0.0,0.0,DoS
28.0,6,10.026860667816065,0.0,0.2,0.0,0.3,0.7,0.0,0.0,0,0.0,0.2,0.0,0.0,0.0,0.0,0.0,0.0,0.0,0.0,0.0,Spoofing
20.0,6,37610.3299856528,0.0,0.0,0.0,0.0,0.0,0.0,0.0,0,0.0,0.0,0.0,0.0,0.0,0.0,0.0,0.0,0.0,0.0,0.0,DoS
32.0,6,19682.327545753167,0.0,0.0,0.0,0.5,1.0,0.0,0.0,0,0.0,0.0,0.0,0.0,0.0,0.0,0.0,0.0,0.0,0.0,0.0,Spoofing
20.0,6,inf,0.0,0.0,1.0,0.0,1.0,0.0,0.0,10,0.0,0.0,0.0,0.0,0.0,0.0,0.0,0.0,0.0,0.0,0.0,Recon
24.0,6,285326.80272108846,0.0,1.0,0.0,0.0,0.0,0.0,0.0,0,0.0,0.0,0.0,0.0,0.0,0.0,0.0,0.0,0.0,0.0,0.0,Recon
32.0,6,15875.4882664648,0.0,0.0,0.0,0.5,1.0,0.0,0.0,0,0.0,0.0,0.0,0.0,0.0,0.0,0.0,0.0,0.0,0.0,0.0,Recon
20.0,6,38476.32327309421,0.0,1.0,0.0,0.0,0.0,0.0,0.0,0,0.0,0.0,0.0,0.0,0.0,0.0,0.0,0.0,0.0,0.0,0.0,DDoS
4.0,0,144.2189052673564,0.0,0.1,0.0,0.0,0.0,0.0,0.0,0,0.0,0.0,0.0,0.0,0.0,0.0,0.0,0.0,0.9,0.0,0.0,Spoofing
20.0,6,54203.98035668131,0.0,0.0,0.0,0.0,0.0,0.0,0.0,0,0.0,0.0,0.0,0.0,0.0,0.0,0.0,0.0,0.0,0.0,0.0,DDoS
29.2,6,18.46184373265614,0.0,0.06,0.0,0.41,0.88,0.0,0.0,0,0.04,0.08,0.02,0.0,0.0,0.0,0.0,0.01,0.0,0.0,0.0,Benign
29.72,6,16.92221160099349,0.0,0.0,0.0,0.48,0.94,0.0,0.0,0,0.0,0.09,0.0,0.0,0.0,0.0,0.0,0.01,0.0,0.0,0.0,Benign
8.0,17,42052.376178062965,0.0,0.0,0.0,0.0,0.0,0.0,0.0,0,0.0,0.0,0.0,0.0,0.0,0.0,0.0,0.0,0.0,0.0,0.0,DDoS
8.0,17,88189.73927670311,0.0,0.0,0.0,0.0,0.0,0.0,0.0,0,0.0,0.0,0.0,0.0,0.0,0.0,0.0,0.0,0.0,0.0,0.0,DDoS
32.0,6,1620.2356395101788,0.0,0.0,0.0,0.0,1.0,0.0,0.0,0,0.0,1.0,0.0,0.0,0.0,0.0,0.0,0.0,0.0,0.0,0.0,Spoofing
32.72,6,46167.35277930655,0.23,0.3,0.14,0.15,0.75,0.0,0.0,14,0.0,0.0,0.0,0.0,0.0,0.0,0.0,0.0,0.0,0.0,0.0,MQTT
21.76,6,17949.689733384686,0.0,0.84,0.15,0.0,0.47,0.0,0.0,15,0.0,0.0,0.0,0.0,0.0,0.0,0.0,0.0,0.0,0.0,0.0,DoS
28.88,6,20.003868851283112,0.01,0.0,0.0,0.44,0.93,0.0,0.0,0,0.04,0.03,0.0,0.0,0.0,0.0,0.0,0.0,0.03,0.0,0.0,Benign
32.0,6,100.39648230861664,0.0,0.0,0.0,0.5,1.0,0.0,0.0,0,0.0,0.02,0.0,0.0,0.0,0.0,0.0,0.0,0.0,0.0,0.0,Benign
31.2,6,32.40115813770962,0.0,0.1,0.0,0.3,0.9,0.0,0.0,0,0.0,1.0,0.0,0.0,0.0,0.0,0.0,0.0,0.0,0.0,0.0,Spoofing
31.8,6,86054.65736561346,0.23,0.17,0.13,0.25,0.84,0.0,0.0,13,0.0,0.0,0.0,0.0,0.0,0.0,0.0,0.0,0.0,0.0,0.0,MQTT
0.0,1,87036.81261672547,0.0,0.0,0.0,0.0,0.0,0.0,0.0,0,0.0,0.0,0.0,0.0,0.0,0.0,0.0,0.0,0.0,1.0,0.0,DDoS
22.08,6,36564.414610757565,0.0,0.83,0.04,0.06,0.31,0.0,0.0,4,0.0,0.0,0.0,0.0,0.0,0.0,0.0,0.01,0.0,0.0,0.0,DoS
8.0,17,5257.074100070189,0.0,0.0,0.0,0.0,0.0,0.0,0.0,0,0.0,0.0,0.0,0.0,0.0,0.0,0.0,0.0,0.0,0.0,0.0,Benign
8.0,17,195.8097692375924,0.0,0.0,0.0,0.0,0.0,0.0,0.0,0,0.0,0.0,0.0,0.0,0.0,0.0,0.0,0.0,0.0,0.0,0.0,Spoofing
32.0,6,7621.849900054515,0.0,0.0,0.0,0.0,1.0,0.0,0.0,0,0.0,1.0,0.0,0.0,0.0,0.0,0.0,0.0,0.0,0.0,0.0,Spoofing
24.0,6,31944.432597105864,0.0,1.0,0.0,0.0,0.0,0.0,0.0,0,0.0,0.0,0.0,0.0,0.0,0.0,0.0,0.0,0.0,0.0,0.0,Recon
8.0,17,73532.67882187938,0.0,0.0,0.0,0.0,0.0,0.0,0.0,0,0.0,0.0,0.0,0.0,0.0,0.0,0.0,0.0,0.0,0.0,0.0,DDoS
0.0,1,201165.6594724221,0.0,0.0,0.0,0.0,0.0,0.0,0.0,0,0.0,0.0,0.0,0.0,0.0,0.0,0.0,0.0,0.0,1.0,0.0,DDoS
8.0,17,30450.878466676342,0.0,0.0,0.0,0.0,0.0,0.0,0.0,0,0.0,0.0,0.0,0.0,0.0,0.0,0.0,0.0,0.0,0.0,0.0,DoS
20.0,6,63540.43326768671,0.0,0.0,0.0,0.0,0.0,0.0,0.0,0,0.0,0.0,0.0,0.0,0.0,0.0,0.0,0.0,0.0,0.0,0.0,DDoS
26.08,6,21.961934045353185,0.0,0.0,0.0,0.39,0.8,0.0,0.0,0,0.0,0.01,0.0,0.0,0.0,0.0,0.0,0.01,0.14,0.0,0.0,Benign
32.0,6,2513.817201078813,0.0,0.0,0.0,0.0,1.0,0.0,0.0,0,0.0,1.0,0.0,0.0,0.0,0.0,0.0,0.0,0.0,0.0,0.0,Spoofing
20.0,6,72982.49521489473,0.0,0.0,0.0,0.0,0.0,0.0,0.0,0,0.0,0.0,0.0,0.0,0.0,0.0,0.0,0.0,0.0,0.0,0.0,DDoS
0.0,1,90238.89845094664,0.0,0.0,0.0,0.0,0.0,0.0,0.0,0,0.0,0.0,0.0,0.0,0.0,0.0,0.0,0.0,0.0,1.0,0.0,DDoS
32.0,6,10.006813874346047,0.0,0.0,0.0,0.5,1.0,0.0,0.0,0,0.0,0.0,0.0,0.0,0.0,0.0,0.0,0.0,0.0,0.0,0.0,Spoofing
8.0,17,64310.08892977614,0.0,0.0,0.0,0.0,0.0,0.0,0.0,0,0.0,0.0,0.0,0.0,0.0,0.0,0.0,0.0,0.0,0.0,0.0,DDoS
31.04,6,16.668186723730205,0.0,0.0,0.0,0.47,0.96,0.0,0.0,0,0.0,0.02,0.0,0.0,0.0,0.0,0.0,0.0,0.0,0.0,0.0,Benign
30.88,6,16.674367169350074,0.0,0.0,0.0,0.46,0.96,0.0,0.0,0,0.0,0.02,0.0,0.0,0.0,0.0,0.0,0.0,0.02,0.0,0.0,Benign
28.28,6,19.652083072901977,0.0,0.01,0.0,0.4,0.88,0.0,0.0,0,0.0,0.08,0.0,0.0,0.0,0.0,0.0,0.0,0.1,0.0,0.0,Benign
20.0,6,25055.57945041816,0.0,0.0,0.0,0.0,0.0,0.0,0.0,0,0.0,0.0,0.0,0.0,0.0,0.0,0.0,0.0,0.0,0.0,0.0,DDoS
32.0,6,14344.404924760602,0.0,0.0,0.0,0.5,1.0,0.0,0.0,0,0.0,0.0,0.0,0.0,0.0,0.0,0.0,0.0,0.0,0.0,0.0,Spoofing
19.2,6,11.35459056050903,0.0,0.0,0.0,0.2,0.7,0.0,0.0,0,0.0,0.4,0.0,0.0,0.0,0.0,0.0,0.0,0.1,0.0,0.0,Spoofing
32.0,6,20370.58766391452,0.0,0.0,0.0,0.5,1.0,0.0,0.0,0,0.0,0.0,0.0,0.0,0.0,0.0,0.0,0.0,0.0,0.0,0.0,Spoofing
8.0,17,48827.753201396976,0.0,0.0,0.0,0.0,0.0,0.0,0.0,0,0.0,0.0,0.0,0.0,0.0,0.0,0.0,0.0,0.0,0.0,0.0,DDoS
8.0,17,165.78800910700733,0.0,0.0,0.0,0.0,0.0,0.0,0.0,0,0.0,0.0,0.0,0.0,0.0,0.0,0.0,0.0,0.0,0.0,0.0,Spoofing
6.56,17,26630.501587301587,0.0,0.0,0.0,0.0,0.0,0.0,0.0,0,0.0,0.0,0.0,0.0,0.0,0.0,0.0,0.0,0.0,0.18,0.0,DDoS
32.0,6,16339.322165952472,0.0,0.0,0.0,0.5,1.0,0.0,0.0,0,0.0,0.0,0.0,0.0,0.0,0.0,0.0,0.0,0.0,0.0,0.0,Recon
8.0,17,14160.37812288994,0.0,0.0,0.0,0.0,0.0,0.0,0.0,0,0.0,0.0,0.0,0.0,0.0,0.0,0.0,0.0,0.0,0.0,0.0,DoS
0.0,1,79227.5028333963,0.0,0.0,0.0,0.0,0.0,0.0,0.0,0,0.0,0.0,0.0,0.0,0.0,0.0,0.0,0.0,0.0,1.0,0.0,DDoS
0.0,1,34781.524172816986,0.0,0.0,0.0,0.0,0.0,0.0,0.0,0,0.0,0.0,0.0,0.0,0.0,0.0,0.0,0.0,0.0,1.0,0.0,DDoS
27.08,6,36698.78379560766,0.13,0.12,0.53,0.15,0.39,0.0,0.0,53,0.0,0.0,0.0,0.0,0.0,0.0,0.0,0.0,0.0,0.0,0.0,MQTT
37.4,6,13962.396804260983,0.17,0.57,0.0,0.15,0.93,0.0,0.0,0,0.0,0.0,0.0,0.0,0.0,0.0,0.0,0.0,0.0,0.0,0.0,MQTT
8.0,17,26744.27086654339,0.0,0.0,0.0,0.0,0.0,0.0,0.0,0,0.0,0.0,0.0,0.0,0.0,0.0,0.0,0.0,0.0,0.0,0.0,DoS
20.0,6,8859.022072024502,0.0,0.0,0.0,0.0,0.0,0.0,0.0,0,0.0,0.0,0.0,0.0,0.0,0.0,0.0,0.0,0.0,0.0,0.0,DoS
21.88,6,61275.4419284149,0.0,0.83,0.17,0.0,0.47,0.0,0.0,17,0.0,0.0,0.0,0.0,0.0,0.0,0.0,0.0,0.0,0.0,0.0,DDoS
23.08,6,10699.755102040815,0.0,0.98,0.0,0.0,0.83,0.0,0.0,0,0.0,0.0,0.0,0.0,0.0,0.0,0.0,0.0,0.0,0.0,0.0,DoS
20.0,6,66407.59974667511,0.0,0.0,0.0,0.0,0.0,0.0,0.0,0,0.0,0.0,0.0,0.0,0.0,0.0,0.0,0.0,0.0,0.0,0.0,DDoS
28.96,6,20.00996131878701,0.0,0.0,0.0,0.44,0.89,0.0,0.0,0,0.0,0.01,0.02,0.0,0.0,0.0,0.0,0.01,0.05,0.0,0.0,Benign
8.0,17,45980.09208506907,0.0,0.0,0.0,0.0,0.0,0.0,0.0,0,0.0,0.0,0.0,0.0,0.0,0.0,0.0,0.0,0.0,0.0,0.0,DDoS
0.0,1,22461.864724468483,0.0,0.0,0.0,0.0,0.0,0.0,0.0,0,0.0,0.0,0.0,0.0,0.0,0.0,0.0,0.0,0.0,1.0,0.0,DDoS
0.0,1,67378.37751004015,0.0,0.0,0.0,0.0,0.0,0.0,0.0,0,0.0,0.0,0.0,0.0,0.0,0.0,0.0,0.0,0.0,1.0,0.0,DDoS
22.4,6,720.7698652735771,0.0,0.9,0.0,0.0,0.0,0.0,0.0,0,0.0,0.0,0.0,0.0,0.0,0.0,0.0,0.0,0.0,0.0,0.0,Recon
8.0,17,1671.4369968916872,0.0,0.0,0.0,0.0,0.0,0.0,0.0,0,0.0,0.0,0.0,0.0,0.0,0.0,0.0,0.0,0.0,0.0,0.0,Spoofing
32.0,6,9.963751581815025,0.0,0.0,0.0,0.5,1.0,0.0,0.0,0,0.0,0.0,0.0,0.0,0.0,0.0,0.0,0.0,0.0,0.0,0.0,Spoofing
29.88,6,77816.40074211503,0.21,0.11,0.25,0.22,0.7,0.0,0.0,25,0.0,0.0,0.0,0.0,0.0,0.0,0.0,0.0,0.0,0.0,0.0,MQTT
24.0,6,32793.620015637214,0.0,1.0,0.0,0.0,0.0,0.0,0.0,0,0.0,0.0,0.0,0.0,0.0,0.0,0.0,0.0,0.0,0.0,0.0,Recon
32.0,6,4079.94319231929,0.0,0.0,0.0,0.0,1.0,0.0,0.0,0,0.0,1.0,0.0,0.0,0.0,0.0,0.0,0.0,0.0,0.0,0.0,Benign
8.0,17,169809.87854251012,0.0,0.0,0.0,0.0,0.0,0.0,0.0,0,0.0,0.0,0.0,0.0,0.0,0.0,0.0,0.0,0.0,0.0,0.0,DDoS
32.0,6,10.01010006510628,0.0,0.0,0.0,0.5,1.0,0.0,0.0,0,0.0,0.0,0.0,0.0,0.0,0.0,0.0,0.0,0.0,0.0,0.0,Spoofing
20.0,6,inf,0.0,0.0,1.0,0.0,1.0,0.0,0.0,10,0.0,0.0,0.0,0.0,0.0,0.0,0.0,0.0,0.0,0.0,0.0,Recon
8.0,17,47058.27443060698,0.0,0.0,0.0,0.0,0.0,0.0,0.0,0,0.0,0.0,0.0,0.0,0.0,0.0,0.0,0.0,0.0,0.0,0.0,DoS
22.4,6,340170.6407137064,0.0,0.8,0.0,0.0,0.2,0.0,0.0,0,0.0,0.2,0.0,0.0,0.0,0.0,0.0,0.0,0.0,0.0,0.0,DDoS
32.0,6,6776.920715451358,0.0,0.0,0.0,0.56,1.0,0.0,0.0,0,0.0,0.0,0.0,0.0,0.0,0.0,0.0,0.0,0.0,0.0,0.0,MQTT
20.0,6,49501.9945709902,0.0,0.0,0.0,0.0,0.0,0.0,0.0,0,0.0,0.0,0.0,0.0,0.0,0.0,0.0,0.0,0.0,0.0,0.0,DDoS
8.0,17,39460.94646721234,0.0,0.0,0.0,0.0,0.0,0.0,0.0,0,0.0,0.0,0.0,0.0,0.0,0.0,0.0,0.0,0.0,0.0,0.0,DoS
22.16,6,40341.4831201308,0.0,0.8,0.2,0.0,0.54,0.0,0.0,20,0.0,0.0,0.0,0.0,0.0,0.0,0.0,0.0,0.0,0.0,0.0,DDoS
27.88,6,36860.04042534493,0.11,0.07,0.39,0.19,0.54,0.0,0.0,39,0.0,0.0,0.0,0.0,0.0,0.0,0.0,0.0,0.0,0.0,0.0,MQTT
28.72,6,24.98112703650072,0.0,0.0,0.0,0.45,0.89,0.0,0.0,0,0.0,0.0,0.0,0.0,0.0,0.0,0.0,0.02,0.08,0.0,0.0,Benign
8.0,17,223220.0106439596,0.0,0.0,0.0,0.0,0.0,0.0,0.0,0,0.0,0.0,0.0,0.0,0.0,0.0,0.0,0.0,0.0,0.0,0.0,DDoS
29.68,6,59987.18535469108,0.24,0.1,0.26,0.22,0.66,0.0,0.0,26,0.0,0.0,0.0,0.0,0.0,0.0,0.0,0.0,0.0,0.0,0.0,MQTT
31.52,6,96.15523841859252,0.0,0.0,0.0,0.53,0.98,0.0,0.0,0,0.0,0.0,0.0,0.0,0.0,0.0,0.0,0.01,0.0,0.0,0.0,Benign
24.0,6,172605.10288065844,0.0,1.0,0.0,0.0,0.0,0.0,0.0,0,0.0,0.0,0.0,0.0,0.0,0.0,0.0,0.0,0.0,0.0,0.0,Recon
22.04,6,55924.05333333334,0.0,0.62,0.38,0.0,0.51,0.0,0.0,38,0.0,0.0,0.0,0.0,0.0,0.0,0.0,0.0,0.0,0.0,0.0,DDoS
8.0,17,31347.56352765321,0.0,0.0,0.0,0.0,0.0,0.0,0.0,0,0.0,0.0,0.0,0.0,0.0,0.0,0.0,0.0,0.0,0.0,0.0,DoS
33.68,6,2720.5002140438723,0.02,0.24,0.14,0.26,0.85,0.0,0.0,14,0.0,0.0,0.0,0.0,0.0,0.0,0.0,0.0,0.0,0.0,0.0,MQTT
32.0,6,790.1407230186688,0.0,0.0,0.0,0.0,1.0,0.0,0.0,0,0.0,1.0,0.0,0.0,0.0,0.0,0.0,0.0,0.0,0.0,0.0,Spoofing
20.0,6,13800.684390629112,0.0,0.0,0.0,0.0,0.0,0.0,0.0,0,0.0,0.0,0.0,0.0,0.0,0.0,0.0,0.0,0.0,0.0,0.0,DoS
33.08,6,29831.465149359887,0.12,0.33,0.18,0.14,0.75,0.0,0.0,18,0.0,0.0,0.0,0.0,0.0,0.0,0.0,0.0,0.0,0.0,0.0,MQTT
32.0,6,7123.478260869565,0.0,0.0,0.0,0.0,1.0,0.0,0.0,0,0.0,1.0,0.0,0.0,0.0,0.0,0.0,0.0,0.0,0.0,0.0,Spoofing
29.6,6,22832.35710397387,0.0,0.0,0.0,0.3,0.9,0.0,0.0,0,0.0,0.0,0.0,0.0,0.0,0.0,0.0,0.0,0.0,0.0,0.0,Spoofing
24.0,6,3521.370162035093,0.0,1.0,0.0,0.0,0.0,0.0,0.0,0,0.0,0.0,0.0,0.0,0.0,0.0,0.0,0.0,0.0,0.0,0.0,Recon
32.0,6,5704.207806337549,0.0,0.0,0.0,1.0,1.0,0.0,0.0,0,0.0,0.0,0.0,0.0,0.0,0.0,0.0,0.0,0.0,0.0,0.0,Spoofing
28.92,6,20.17943189442217,0.0,0.0,0.0,0.34,0.9,0.0,0.0,0,0.0,0.01,0.0,0.0,0.0,0.0,0.0,0.0,0.07,0.0,0.0,Benign
31.28,6,19.99559785483857,0.0,0.0,0.0,0.48,0.98,0.0,0.0,0,0.0,0.03,0.0,0.0,0.0,0.0,0.0,0.0,0.0,0.0,0.0,Benign
0.0,1,75018.85172598819,0.0,0.0,0.0,0.0,0.0,0.0,0.0,0,0.0,0.0,0.0,0.0,0.0,0.0,0.0,0.0,0.0,1.0,0.0,DoS
21.32,6,39434.97555471982,0.0,0.84,0.16,0.0,0.33,0.0,0.0,16,0.0,0.0,0.0,0.0,0.0,0.0,0.0,0.0,0.0,0.0,0.0,DoS
0.0,1,22172.14146006238,0.0,0.0,0.0,0.0,0.0,0.0,0.0,0,0.0,0.0,0.0,0.0,0.0,0.0,0.0,0.0,0.0,1.0,0.0,DDoS
30.92,6,19.99426624692874,0.0,0.0,0.0,0.48,0.96,0.0,0.0,0,0.0,0.02,0.0,0.0,0.0,0.0,0.0,0.0,0.0,0.0,0.0,Benign
20.0,6,21454.240409207163,0.0,0.0,0.0,0.0,0.0,0.0,0.0,0,0.0,0.0,0.0,0.0,0.0,0.0,0.0,0.0,0.0,0.0,0.0,DoS
18.56,17,74.16235675625975,0.0,0.0,0.0,0.22,0.44,0.0,0.0,0,0.0,0.0,0.0,0.0,0.0,0.0,0.0,0.0,0.0,0.0,0.0,Benign
32.0,6,3802.2880971806726,0.0,0.0,0.0,0.0,1.0,0.0,0.0,0,0.0,1.0,0.0,0.0,0.0,0.0,0.0,0.0,0.0,0.0,0.0,Spoofing
24.0,6,4180.925039872408,0.0,1.0,0.0,0.0,0.0,0.0,0.0,0,0.0,0.0,0.0,0.0,0.0,0.0,0.0,0.0,0.0,0.0,0.0,Recon
8.0,17,27909.928134149588,0.0,0.0,0.0,0.0,0.0,0.0,0.0,0,0.0,0.0,0.0,0.0,0.0,0.0,0.0,0.0,0.0,0.0,0.0,DoS
20.0,6,24900.878651151743,0.0,0.0,0.0,0.0,0.0,0.0,0.0,0,0.0,0.0,0.0,0.0,0.0,0.0,0.0,0.0,0.0,0.0,0.0,DoS
32.0,6,9.999780659718349,0.0,0.0,0.0,0.5,1.0,0.0,0.0,0,0.0,0.0,0.0,0.0,0.0,0.0,0.0,0.0,0.0,0.0,0.0,Spoofing
0.0,1,46556.82095682096,0.0,0.0,0.0,0.0,0.0,0.0,0.0,0,0.0,0.0,0.0,0.0,0.0,0.0,0.0,0.0,0.0,1.0,0.0,DDoS
0.08,1,20820.570861255896,0.0,0.0,0.0,0.0,0.0,0.0,0.0,0,0.0,0.0,0.0,0.0,0.0,0.0,0.0,0.0,0.0,0.99,0.0,DoS
0.0,1,24177.449850126817,0.0,0.0,0.0,0.0,0.0,0.0,0.0,0,0.0,0.0,0.0,0.0,0.0,0.0,0.0,0.0,0.0,1.0,0.0,DoS
8.0,17,17866.34861134776,0.0,0.0,0.0,0.0,0.0,0.0,0.0,0,0.0,0.0,0.0,0.0,0.0,0.0,0.0,0.0,0.0,0.0,0.0,DoS
8.0,17,27152.871107658444,0.0,0.0,0.0,0.0,0.0,0.0,0.0,0,0.0,0.0,0.0,0.0,0.0,0.0,0.0,0.0,0.0,0.0,0.0,DoS
20.0,6,5602.115667156404,0.0,0.0,1.0,0.0,1.0,0.0,0.0,10,0.0,0.0,0.0,0.0,0.0,0.0,0.0,0.0,0.0,0.0,0.0,Recon
30.8,6,19.964056830703885,0.0,0.0,0.0,0.46,0.97,0.0,0.0,0,0.0,0.02,0.0,0.0,0.0,0.0,0.0,0.0,0.0,0.0,0.0,Benign
8.0,17,156.09384303918063,0.0,0.0,0.0,0.0,0.0,0.0,0.0,0,0.0,0.0,0.0,0.0,0.0,0.0,0.0,0.0,0.0,0.0,0.0,Spoofing
30.92,6,41032.1267853649,0.18,0.24,0.23,0.17,0.53,0.0,0.0,23,0.0,0.0,0.01,0.0,0.0,0.0,0.0,0.0,0.0,0.0,0.0,MQTT
0.0,0,122.59279286125572,0.0,0.0,0.0,0.0,0.0,0.0,0.0,0,0.0,0.0,0.0,0.0,0.0,0.0,0.0,0.0,1.0,0.0,0.0,Spoofing
24.0,6,22882.18221494817,0.0,1.0,0.0,0.0,0.0,0.0,0.0,0,0.0,0.0,0.0,0.0,0.0,0.0,0.0,0.0,0.0,0.0,0.0,Recon
22.44,6,48545.18518518518,0.0,0.89,0.11,0.0,0.61,0.0,0.0,11,0.0,0.0,0.0,0.0,0.0,0.0,0.0,0.0,0.0,0.0,0.0,DoS
8.0,17,451.2041997461219,0.0,0.0,0.0,0.0,0.0,0.0,0.0,0,0.0,0.0,0.0,0.0,0.0,0.0,0.0,0.0,0.0,0.0,0.0,Recon
32.0,6,22944.77024070021,0.0,0.0,0.0,0.8,1.0,0.0,0.0,0,0.0,0.0,0.0,0.0,0.0,0.0,0.0,0.0,0.0,0.0,0.0,Recon
20.0,6,27077.49515816656,0.0,1.0,0.0,0.0,0.0,0.0,0.0,0,0.0,0.0,0.0,0.0,0.0,0.0,0.0,0.0,0.0,0.0,0.0,DoS
24.0,6,76818.75457875458,0.0,1.0,0.0,0.0,0.0,0.0,0.0,0,0.0,0.0,0.0,0.0,0.0,0.0,0.0,0.0,0.0,0.0,0.0,Recon
21.48,6,26645.72771742583,0.0,0.76,0.23,0.0,0.4,0.0,0.0,23,0.0,0.0,0.0,0.0,0.0,0.0,0.0,0.0,0.0,0.0,0.0,DoS
24.0,6,70849.72972972973,0.0,1.0,0.0,0.0,0.0,0.0,0.0,0,0.0,0.0,0.0,0.0,0.0,0.0,0.0,0.0,0.0,0.0,0.0,Recon
31.52,6,100.12664123338295,0.0,0.0,0.0,0.53,0.99,0.0,0.0,0,0.0,0.02,0.0,0.0,0.0,0.0,0.0,0.0,0.0,0.0,0.0,Benign
23.2,6,903.7500538677008,0.0,0.8,0.2,0.0,0.2,0.0,0.0,2,0.0,0.0,0.0,0.0,0.0,0.0,0.0,0.0,0.0,0.0,0.0,Recon
24.0,6,18624.79573712256,0.0,1.0,0.0,0.0,0.0,0.0,0.0,0,0.0,0.0,0.0,0.0,0.0,0.0,0.0,0.0,0.0,0.0,0.0,Recon
12.8,17,93.16286549447815,0.0,0.0,0.0,0.1,0.2,0.0,0.0,0,0.0,0.0,0.0,0.0,0.0,0.0,0.0,0.0,0.0,0.0,0.0,Spoofing
0.0,1,76510.47063115651,0.0,0.0,0.0,0.0,0.0,0.0,0.0,0,0.0,0.0,0.0,0.0,0.0,0.0,0.0,0.0,0.0,1.0,0.0,DDoS
20.0,6,24961.637802773315,0.0,0.0,0.0,0.0,0.0,0.0,0.0,0,0.0,0.0,0.0,0.0,0.0,0.0,0.0,0.0,0.0,0.0,0.0,DDoS
32.68,6,28571.553133514983,0.43,0.13,0.03,0.14,0.95,0.0,0.0,3,0.0,0.09,0.0,0.0,0.0,0.0,0.0,0.0,0.0,0.0,0.0,MQTT
20.0,6,inf,0.0,0.0,1.0,0.0,1.0,0.0,0.0,10,0.0,0.0,0.0,0.0,0.0,0.0,0.0,0.0,0.0,0.0,0.0,Recon
20.0,6,6076.059684195277,0.0,0.0,1.0,0.0,1.0,0.0,0.0,10,0.0,0.0,0.0,0.0,0.0,0.0,0.0,0.0,0.0,0.0,0.0,Recon
30.8,6,18.713002782922416,0.0,0.0,0.0,0.48,0.95,0.0,0.0,0,0.0,0.01,0.02,0.0,0.0,0.0,0.0,0.0,0.0,0.0,0.0,Benign
32.0,6,32164.907975460123,0.0,0.0,0.0,0.0,1.0,0.0,0.0,0,0.0,1.0,0.0,0.0,0.0,0.0,0.0,0.0,0.0,0.0,0.0,MQTT
29.64,6,42478.26615353453,0.18,0.05,0.23,0.25,0.74,0.0,0.0,23,0.0,0.0,0.0,0.0,0.0,0.0,0.0,0.0,0.0,0.0,0.0,MQTT
8.0,17,2461.3015668094595,0.0,0.0,0.0,0.0,0.0,0.0,0.0,0,0.0,0.0,0.0,0.0,0.0,0.0,0.0,0.0,0.0,0.0,0.0,Spoofing
31.24,6,72465.51485832757,0.12,0.19,0.26,0.19,0.62,0.0,0.0,26,0.0,0.0,0.0,0.0,0.0,0.0,0.0,0.0,0.0,0.0,0.0,MQTT
20.36,6,15508.611573303751,0.0,0.52,0.48,0.0,0.09,0.0,0.0,48,0.0,0.0,0.0,0.0,0.0,0.0,0.0,0.0,0.0,0.0,0.0,DoS
0.0,1,9209.749242457512,0.0,0.0,0.0,0.0,0.0,0.0,0.0,0,0.0,0.0,0.0,0.0,0.0,0.0,0.0,0.0,0.0,1.0,0.0,DoS
28.32,6,20.008283229589427,0.0,0.0,0.0,0.44,0.87,0.0,0.0,0,0.0,0.0,0.0,0.0,0.0,0.0,0.0,0.0,0.07,0.0,0.0,Benign
30.56,6,9403.004080168586,0.03,0.09,0.19,0.34,0.74,0.0,0.0,19,0.0,0.0,0.0,0.0,0.0,0.0,0.0,0.0,0.0,0.0,0.0,MQTT
30.16,6,43.63607157752941,0.02,0.01,0.02,0.45,0.91,0.0,0.0,2,0.0,0.26,0.0,0.0,0.0,0.0,0.0,0.01,0.0,0.0,0.0,Benign
8.0,17,156.42625115148078,0.0,0.0,0.0,0.0,0.0,0.0,0.0,0,0.0,0.0,0.0,0.0,0.0,0.0,0.0,0.0,0.0,0.0,0.0,Spoofing
32.0,6,4774.175336353495,0.0,0.0,0.0,0.47,1.0,0.0,0.0,0,0.0,0.0,0.0,0.0,0.0,0.0,0.0,0.0,0.0,0.0,0.0,MQTT
32.0,6,inf,0.0,0.0,0.0,0.0,1.0,0.0,0.0,0,0.0,1.0,0.0,0.0,0.0,0.0,0.0,0.0,0.0,0.0,0.0,Spoofing
8.0,17,41376.18624839696,0.0,0.0,0.0,0.0,0.0,0.0,0.0,0,0.0,0.0,0.0,0.0,0.0,0.0,0.0,0.0,0.0,0.0,0.0,DDoS
29.6,6,10.667735567172612,0.0,0.0,0.0,0.3,1.0,0.0,0.0,0,0.0,0.9,0.0,0.0,0.0,0.0,0.0,0.0,0.0,0.0,0.0,Spoofing
0.0,0,154.31354946947064,0.0,0.0,0.0,0.0,0.0,0.0,0.0,0,0.0,0.0,0.0,0.0,0.0,0.0,0.0,0.0,1.0,0.0,0.0,Recon
8.0,17,263.4762015440571,0.0,0.0,0.0,0.0,0.0,0.0,0.0,0,0.0,0.0,0.0,0.0,0.0,0.0,0.0,0.0,0.0,0.0,0.0,Spoofing
28.72,6,19.99516508664349,0.0,0.0,0.0,0.44,0.89,0.0,0.0,0,0.0,0.0,0.0,0.0,0.0,0.0,0.0,0.0,0.08,0.0,0.0,Benign
30.44,6,31929.841656516444,0.21,0.12,0.21,0.28,0.68,0.0,0.0,21,0.0,0.0,0.0,0.0,0.0,0.0,0.0,0.0,0.0,0.0,0.0,MQTT
31.28,6,60314.98418176589,0.21,0.21,0.2,0.19,0.75,0.0,0.0,20,0.0,0.0,0.0,0.0,0.0,0.0,0.0,0.0,0.0,0.0,0.0,MQTT
8.0,17,39045.838763731146,0.0,0.0,0.0,0.0,0.0,0.0,0.0,0,0.0,0.0,0.0,0.0,0.0,0.0,0.0,0.0,0.0,0.0,0.0,DDoS
8.0,17,902.3501570500408,0.0,0.0,0.0,0.0,0.0,0.0,0.0,0,0.0,0.0,0.0,0.0,0.0,0.0,0.0,0.0,0.0,0.0,0.0,Recon
32.12,6,69442.11920529802,0.23,0.24,0.16,0.23,0.82,0.0,0.0,16,0.0,0.0,0.0,0.0,0.0,0.0,0.0,0.0,0.0,0.0,0.0,MQTT
20.0,6,17886.15778251599,0.0,0.0,1.0,0.0,1.0,0.0,0.0,10,0.0,0.0,0.0,0.0,0.0,0.0,0.0,0.0,0.0,0.0,0.0,Recon
34.72,6,27601.368781258225,0.24,0.34,0.0,0.22,0.98,0.0,0.0,0,0.0,0.0,0.0,0.0,0.0,0.0,0.0,0.0,0.0,0.0,0.0,MQTT
30.08,6,16.944959577242184,0.0,0.0,0.0,0.46,0.93,0.0,0.0,0,0.0,0.01,0.0,0.0,0.0,0.0,0.0,0.0,0.03,0.0,0.0,Benign
30.16,6,11362.366581784689,0.03,0.04,0.18,0.33,0.8,0.0,0.0,18,0.0,0.0,0.0,0.0,0.0,0.0,0.0,0.0,0.0,0.0,0.0,MQTT
32.0,6,9822.72599531616,0.0,0.0,0.0,0.0,1.0,0.0,0.0,0,0.0,1.0,0.0,0.0,0.0,0.0,0.0,0.0,0.0,0.0,0.0,Spoofing
31.04,6,16.66293691302812,0.0,0.0,0.0,0.48,0.96,0.0,0.0,0,0.0,0.01,0.0,0.0,0.0,0.0,0.0,0.0,0.0,0.0,0.0,Benign
31.28,6,99.90767427790138,0.0,0.0,0.0,0.47,0.97,0.0,0.0,0,0.0,0.01,0.0,0.0,0.0,0.0,0.0,0.0,0.0,0.0,0.0,Benign
8.0,17,203310.906446922,0.0,0.0,0.0,0.0,0.0,0.0,0.0,0,0.0,0.0,0.0,0.0,0.0,0.0,0.0,0.0,0.0,0.0,0.0,DDoS
0.0,1,75355.80309019044,0.0,0.0,0.0,0.0,0.0,0.0,0.0,0,0.0,0.0,0.0,0.0,0.0,0.0,0.0,0.0,0.0,1.0,0.0,DDoS
30.56,6,35272.92910604659,0.0,0.03,0.14,0.53,0.83,0.0,0.0,14,0.0,0.0,0.0,0.0,0.0,0.0,0.0,0.0,0.0,0.0,0.0,MQTT
20.0,6,22482.332761578044,0.0,1.0,0.0,0.0,0.0,0.0,0.0,0,0.0,0.0,0.0,0.0,0.0,0.0,0.0,0.0,0.0,0.0,0.0,DoS
29.72,6,43.7633502976193,0.03,0.03,0.02,0.43,0.89,0.0,0.0,2,0.05,0.29,0.07,0.0,0.0,0.0,0.0,0.0,0.0,0.0,0.0,Benign
0.0,1,33243.27494650075,0.0,0.0,0.0,0.0,0.0,0.0,0.0,0,0.0,0.0,0.0,0.0,0.0,0.0,0.0,0.0,0.0,1.0,0.0,DoS
29.24,6,48033.71507100321,0.17,0.12,0.31,0.25,0.62,0.0,0.0,31,0.0,0.0,0.0,0.0,0.0,0.0,0.0,0.0,0.0,0.0,0.0,MQTT
13.04,17,187.654533089946,0.01,0.0,0.0,0.11,0.21,0.0,0.0,0,0.0,0.05,0.0,0.0,0.0,0.0,0.0,0.0,0.0,0.0,0.0,Benign
30.48,6,19.98870629401789,0.0,0.0,0.0,0.48,0.94,0.0,0.0,0,0.0,0.02,0.02,0.0,0.0,0.0,0.0,0.0,0.01,0.0,0.0,Benign
22.4,6,13911.456053067994,0.0,0.9,0.0,0.0,0.0,0.0,0.0,0,0.0,0.0,0.0,0.0,0.0,0.0,0.0,0.0,0.0,0.0,0.0,Recon
0.0,1,38682.13594023794,0.0,0.0,0.0,0.0,0.0,0.0,0.0,0,0.0,0.0,0.0,0.0,0.0,0.0,0.0,0.0,0.0,1.0,0.0,DDoS
29.52,6,41302.84588872477,0.17,0.08,0.27,0.14,0.66,0.0,0.0,27,0.0,0.0,0.0,0.0,0.0,0.0,0.0,0.0,0.0,0.0,0.0,MQTT
28.0,6,1018.4304584304584,0.0,0.2,0.2,0.0,0.8,0.0,0.0,2,0.0,0.0,0.0,0.0,0.0,0.0,0.0,0.0,0.0,0.0,0.0,Recon
0.0,1,11596.726387967265,0.0,0.0,0.0,0.0,0.0,0.0,0.0,0,0.0,0.0,0.0,0.0,0.0,0.0,0.0,0.0,0.0,1.0,0.0,DDoS
32.8,6,348.24842245101297,0.0,0.1,0.0,0.6,0.9,0.0,0.0,0,0.0,1.0,0.0,0.0,0.0,0.0,0.0,0.0,0.0,0.0,0.0,Spoofing
8.0,17,28910.283981251723,0.0,0.0,0.0,0.0,0.0,0.0,0.0,0,0.0,0.0,0.0,0.0,0.0,0.0,0.0,0.0,0.0,0.0,0.0,DDoS
22.4,6,810.2430166518565,0.0,0.9,0.0,0.0,0.0,0.0,0.0,0,0.0,0.0,0.0,0.0,0.0,0.0,0.0,0.0,0.0,0.0,0.0,Recon
24.0,6,117487.50700280113,0.0,1.0,0.0,0.0,0.0,0.0,0.0,0,0.0,0.0,0.0,0.0,0.0,0.0,0.0,0.0,0.0,0.0,0.0,Recon
31.04,6,16.66664414938684,0.0,0.0,0.0,0.48,0.96,0.0,0.0,0,0.0,0.0,0.0,0.0,0.0,0.0,0.0,0.0,0.0,0.0,0.0,Benign
8.0,17,30535.11939429237,0.0,0.0,0.0,0.0,0.0,0.0,0.0,0,0.0,0.0,0.0,0.0,0.0,0.0,0.0,0.0,0.0,0.0,0.0,DoS
31.28,6,49.91372239890288,0.0,0.0,0.0,0.51,0.98,0.0,0.0,0,0.0,0.02,0.0,0.0,0.0,0.0,0.0,0.0,0.0,0.0,0.0,Benign
20.0,6,43704.32426800042,0.0,0.0,0.0,0.0,0.0,0.0,0.0,0,0.0,0.0,0.0,0.0,0.0,0.0,0.0,0.0,0.0,0.0,0.0,DDoS
31.96,6,8704.04250020752,0.01,0.04,0.03,0.47,0.97,0.0,0.0,3,0.0,0.0,0.0,0.0,0.0,0.0,0.0,0.0,0.0,0.0,0.0,MQTT
20.0,6,35424.86486486487,0.0,1.0,0.0,0.0,0.0,0.0,0.0,0,0.0,0.0,0.0,0.0,0.0,0.0,0.0,0.0,0.0,0.0,0.0,DoS
33.68,6,9962.244073915728,0.07,0.3,0.08,0.23,0.75,0.0,0.0,8,0.0,0.0,0.0,0.0,0.0,0.0,0.0,0.0,0.0,0.0,0.0,MQTT
22.4,6,115.49338590829488,0.0,0.0,0.0,0.3,0.6,0.0,0.0,0,0.0,0.0,0.0,0.0,0.0,0.0,0.0,0.0,0.0,0.0,0.0,Spoofing
8.0,17,156.96599316644898,0.0,0.0,0.0,0.0,0.0,0.0,0.0,0,0.0,0.0,0.0,0.0,0.0,0.0,0.0,0.0,0.0,0.0,0.0,Spoofing
22.4,6,1007.8585159554018,0.0,0.9,0.0,0.0,0.0,0.0,0.0,0,0.0,0.0,0.0,0.0,0.0,0.0,0.0,0.0,0.0,0.0,0.0,Recon
20.0,6,1286.5173915710693,0.0,0.0,1.0,0.0,1.0,0.0,0.0,10,0.0,0.0,0.0,0.0,0.0,0.0,0.0,0.0,0.0,0.0,0.0,Recon
30.52,6,53560.26050312859,0.12,0.37,0.37,0.09,0.27,0.0,0.0,37,0.0,0.0,0.0,0.0,0.0,0.0,0.0,0.0,0.0,0.0,0.0,MQTT
7.2,17,134.13488629422469,0.0,0.0,0.0,0.0,0.0,0.0,0.0,0,0.0,0.0,0.0,0.0,0.0,0.0,0.0,0.0,0.1,0.0,0.0,Spoofing
29.52,6,16.66770848852207,0.0,0.0,0.0,0.45,0.91,0.0,0.0,0,0.0,0.01,0.0,0.0,0.0,0.0,0.0,0.0,0.04,0.0,0.0,Benign
36.08,6,61690.01323724077,0.01,0.51,0.0,0.3,0.68,0.0,0.0,0,0.0,0.0,0.0,0.0,0.0,0.0,0.0,0.0,0.0,0.0,0.0,MQTT
8.0,17,61123.637423491695,0.0,0.0,0.0,0.0,0.0,0.0,0.0,0,0.0,0.0,0.0,0.0,0.0,0.0,0.0,0.0,0.0,0.0,0.0,DDoS
24.8,6,64927.30650154799,0.0,0.9,0.0,0.1,0.1,0.0,0.0,0,0.0,0.0,0.0,0.0,0.0,0.0,0.0,0.0,0.0,0.0,0.0,Recon
8.0,17,253.8325697928455,0.0,0.0,0.0,0.0,0.0,0.0,0.0,0,0.0,0.0,0.0,0.0,0.0,0.0,0.0,0.0,0.0,0.0,0.0,Spoofing
32.0,6,38.666195896370304,0.0,0.0,0.0,0.7,1.0,0.0,0.0,0,0.0,0.7,0.0,0.0,0.0,0.0,0.0,0.0,0.0,0.0,0.0,Spoofing
8.0,17,63772.29740003041,0.0,0.0,0.0,0.0,0.0,0.0,0.0,0,0.0,0.0,0.0,0.0,0.0,0.0,0.0,0.0,0.0,0.0,0.0,DDoS
29.6,6,24.52461422724472,0.0,0.0,0.0,0.45,0.9,0.0,0.0,0,0.0,0.01,0.0,0.0,0.0,0.0,0.0,0.0,0.0,0.0,0.0,Benign
33.32,6,5373.454955416624,0.04,0.24,0.12,0.31,0.8,0.0,0.0,12,0.0,0.0,0.0,0.0,0.0,0.0,0.0,0.0,0.0,0.0,0.0,MQTT
10.4,17,38.99639444309115,0.0,0.0,0.0,0.0,0.1,0.0,0.0,0,0.0,0.0,0.0,0.0,0.0,0.0,0.0,0.0,0.0,0.0,0.0,Spoofing
20.0,6,17111.925258047406,0.0,0.0,0.0,0.0,0.0,0.0,0.0,0,0.0,0.0,0.0,0.0,0.0,0.0,0.0,0.0,0.0,0.0,0.0,DoS
18.8,6,inf,0.0,0.0,0.9,0.0,0.9,0.0,0.0,9,0.0,0.0,0.0,0.0,0.0,0.0,0.0,0.0,0.0,0.0,0.0,Recon
32.0,6,752.9492864195314,0.0,0.0,0.0,0.0,1.0,0.0,0.0,0,0.0,1.0,0.0,0.0,0.0,0.0,0.0,0.0,0.0,0.0,0.0,Spoofing
20.0,6,84392.43460764588,0.0,0.0,0.0,0.0,0.0,0.0,0.0,0,0.0,0.0,0.0,0.0,0.0,0.0,0.0,0.0,0.0,0.0,0.0,DDoS
20.44,6,34566.54029998352,0.0,0.36,0.64,0.0,0.11,0.0,0.0,64,0.0,0.0,0.0,0.0,0.0,0.0,0.0,0.0,0.0,0.0,0.0,DoS
0.0,1,48947.41510094527,0.0,0.0,0.0,0.0,0.0,0.0,0.0,0,0.0,0.0,0.0,0.0,0.0,0.0,0.0,0.0,0.0,1.0,0.0,DoS
20.0,6,inf,0.0,0.0,1.0,0.0,1.0,0.0,0.0,10,0.0,0.0,0.0,0.0,0.0,0.0,0.0,0.0,0.0,0.0,0.0,Recon
20.0,6,101606.2015503876,0.0,0.0,0.0,0.0,0.0,0.0,0.0,0,0.0,0.0,0.0,0.0,0.0,0.0,0.0,0.0,0.0,0.0,0.0,DDoS
20.0,6,38286.66362391602,0.0,1.0,0.0,0.0,0.0,0.0,0.0,0,0.0,0.0,0.0,0.0,0.0,0.0,0.0,0.0,0.0,0.0,0.0,DDoS
21.6,6,240.7669081432327,0.0,0.4,0.5,0.0,0.6,0.0,0.0,5,0.0,0.1,0.0,0.0,0.0,0.0,0.0,0.0,0.0,0.0,0.0,Recon
22.4,6,3060.865503904254,0.0,0.9,0.0,0.0,0.0,0.0,0.0,0,0.0,0.0,0.0,0.0,0.0,0.0,0.0,0.0,0.0,0.0,0.0,Recon
24.0,6,285326.80272108846,0.0,1.0,0.0,0.0,0.0,0.0,0.0,0,0.0,0.0,0.0,0.0,0.0,0.0,0.0,0.0,0.0,0.0,0.0,Recon
0.0,1,40848.30541488119,0.0,0.0,0.0,0.0,0.0,0.0,0.0,0,0.0,0.0,0.0,0.0,0.0,0.0,0.0,0.0,0.0,1.0,0.0,DDoS
1.6,0,142.1422132453114,0.0,0.0,0.0,0.0,0.0,0.0,0.0,0,0.0,0.0,0.0,0.0,0.0,0.0,0.0,0.0,0.8,0.0,0.0,Spoofing
8.0,17,24413.876600698488,0.0,0.0,0.0,0.0,0.0,0.0,0.0,0,0.0,0.0,0.0,0.0,0.0,0.0,0.0,0.0,0.0,0.0,0.0,DoS
8.0,17,25787.297878881032,0.0,0.0,0.0,0.0,0.0,0.0,0.0,0,0.0,0.0,0.0,0.0,0.0,0.0,0.0,0.0,0.0,0.0,0.0,DoS
20.0,6,37762.70820203475,0.0,1.0,0.0,0.0,0.0,0.0,0.0,0,0.0,0.0,0.0,0.0,0.0,0.0,0.0,0.0,0.0,0.0,0.0,DDoS
20.0,6,1814.7497220094929,0.0,0.0,0.0,0.01,0.01,0.0,0.0,0,0.0,0.0,0.0,0.0,0.0,0.0,0.0,0.0,0.0,0.0,0.0,DoS
29.96,6,16.67128200617381,0.0,0.0,0.0,0.48,0.94,0.0,0.0,0,0.0,0.05,0.0,0.0,0.0,0.0,0.0,0.0,0.0,0.0,0.0,Benign
34.0,6,28482.303408936576,0.52,0.25,0.0,0.16,0.78,0.0,0.0,0,0.0,0.0,0.0,0.0,0.0,0.0,0.0,0.0,0.0,0.0,0.0,MQTT
31.28,6,24.983998950200085,0.0,0.0,0.0,0.58,0.98,0.0,0.0,0,0.0,0.02,0.0,0.0,0.0,0.0,0.0,0.01,0.0,0.0,0.0,Benign
21.68,6,46248.803616716286,0.0,0.42,0.58,0.0,0.42,0.0,0.0,58,0.0,0.0,0.0,0.0,0.0,0.0,0.0,0.0,0.0,0.0,0.0,DoS
32.0,6,5839.046664439247,0.0,0.0,0.0,0.01,1.0,0.0,0.0,0,0.0,1.0,0.0,0.0,0.0,0.0,0.0,0.0,0.0,0.0,0.0,Benign
32.0,6,17580.28334311342,0.0,0.0,0.0,0.71,1.0,0.0,0.0,0,0.0,0.0,0.0,0.0,0.0,0.0,0.0,0.0,0.0,0.0,0.0,MQTT
34.24,6,92324.5432533568,0.15,0.22,0.12,0.18,0.88,0.0,0.0,12,0.0,0.0,0.0,0.0,0.0,0.0,0.0,0.0,0.0,0.0,0.0,MQTT
8.0,17,21993.099470400084,0.0,0.0,0.0,0.0,0.0,0.0,0.0,0,0.0,0.0,0.0,0.0,0.0,0.0,0.0,0.0,0.0,0.0,0.0,DoS
0.0,1,94169.37584193984,0.0,0.0,0.0,0.0,0.0,0.0,0.0,0,0.0,0.0,0.0,0.0,0.0,0.0,0.0,0.0,0.0,1.0,0.0,DDoS
31.04,6,19.998164345437768,0.0,0.0,0.0,0.47,0.96,0.0,0.0,0,0.0,0.02,0.0,0.0,0.0,0.0,0.0,0.01,0.0,0.0,0.0,Benign
20.0,6,56756.481732070366,0.0,0.0,0.0,0.0,0.0,0.0,0.0,0,0.0,0.0,0.0,0.0,0.0,0.0,0.0,0.0,0.0,0.0,0.0,DDoS
32.0,6,100.27376051704422,0.0,0.0,0.0,0.48,1.0,0.0,0.0,0,0.0,0.0,0.0,0.0,0.0,0.0,0.0,0.0,0.0,0.0,0.0,Benign
8.72,17,521.2517087962618,0.0,0.0,0.0,0.02,0.03,0.0,0.0,0,0.0,0.0,0.0,0.0,0.0,0.0,0.0,0.0,0.0,0.0,0.0,Benign
8.0,17,232500.22172949003,0.0,0.0,0.0,0.0,0.0,0.0,0.0,0,0.0,0.0,0.0,0.0,0.0,0.0,0.0,0.0,0.0,0.0,0.0,DDoS
8.0,17,98805.74793875148,0.0,0.0,0.0,0.0,0.0,0.0,0.0,0,0.0,0.0,0.0,0.0,0.0,0.0,0.0,0.0,0.0,0.0,0.0,DDoS
8.0,17,52685.64250722272,0.0,0.0,0.0,0.0,0.0,0.0,0.0,0,0.0,0.0,0.0,0.0,0.0,0.0,0.0,0.0,0.0,0.0,0.0,DDoS
20.0,6,inf,0.0,0.0,1.0,0.0,1.0,0.0,0.0,10,0.0,0.0,0.0,0.0,0.0,0.0,0.0,0.0,0.0,0.0,0.0,Recon
24.0,6,303935.0724637681,0.0,1.0,0.0,0.0,0.0,0.0,0.0,0,0.0,0.0,0.0,0.0,0.0,0.0,0.0,0.0,0.0,0.0,0.0,Recon
32.0,6,8327.649604892189,0.0,0.0,0.0,0.54,1.0,0.0,0.0,0,0.0,0.0,0.0,0.0,0.0,0.0,0.0,0.0,0.0,0.0,0.0,MQTT
16.4,17,56.43437053462107,0.0,0.0,0.0,0.1,0.3,0.0,0.0,0,0.0,0.3,0.0,0.0,0.0,0.0,0.0,0.0,0.0,0.0,0.0,Spoofing
32.0,6,11388.281292424654,0.0,0.0,0.0,0.5,1.0,0.0,0.0,0,0.0,0.0,0.0,0.0,0.0,0.0,0.0,0.0,0.0,0.0,0.0,Spoofing
30.56,6,26322.982301995733,0.21,0.15,0.22,0.22,0.75,0.0,0.0,22,0.0,0.0,0.0,0.0,0.0,0.0,0.0,0.0,0.0,0.0,0.0,MQTT
20.0,6,5727.5761300013655,0.0,0.0,1.0,0.0,1.0,0.0,0.0,10,0.0,0.0,0.0,0.0,0.0,0.0,0.0,0.0,0.0,0.0,0.0,Recon
34.08,6,50375.97886139803,0.29,0.35,0.06,0.23,0.65,0.0,0.0,6,0.0,0.0,0.0,0.0,0.0,0.0,0.0,0.0,0.0,0.0,0.0,MQTT
20.0,6,7674.847209515096,0.0,0.0,1.0,0.0,1.0,0.0,0.0,10,0.0,0.0,0.0,0.0,0.0,0.0,0.0,0.0,0.0,0.0,0.0,Recon
7.2,17,53849.06920015407,0.0,0.0,0.0,0.0,0.0,0.0,0.0,0,0.0,0.0,0.0,0.0,0.0,0.0,0.0,0.0,0.0,0.1,0.0,DDoS
8.0,17,45954.90303495125,0.0,0.0,0.0,0.0,0.0,0.0,0.0,0,0.0,0.0,0.0,0.0,0.0,0.0,0.0,0.0,0.0,0.0,0.0,DDoS
8.0,17,118617.19457013576,0.0,0.0,0.0,0.0,0.0,0.0,0.0,0,0.0,0.0,0.0,0.0,0.0,0.0,0.0,0.0,0.0,0.0,0.0,DDoS
20.0,6,11337.795318159702,0.0,1.0,0.0,0.0,0.0,0.0,0.0,0,0.0,0.0,0.0,0.0,0.0,0.0,0.0,0.0,0.0,0.0,0.0,DoS
32.0,6,7267.898111245885,0.0,0.0,0.0,0.0,1.0,0.0,0.0,0,0.0,1.0,0.0,0.0,0.0,0.0,0.0,0.0,0.0,0.0,0.0,Spoofing
0.0,1,45914.65790914067,0.0,0.0,0.0,0.0,0.0,0.0,0.0,0,0.0,0.0,0.0,0.0,0.0,0.0,0.0,0.0,0.0,1.0,0.0,DDoS
28.08,6,25.012650032969105,0.0,0.0,0.0,0.45,0.87,0.0,0.0,0,0.0,0.03,0.0,0.0,0.0,0.0,0.0,0.0,0.1,0.0,0.0,Benign
24.0,6,1997287.619047619,0.0,1.0,0.0,0.0,0.0,0.0,0.0,0,0.0,0.0,0.0,0.0,0.0,0.0,0.0,0.0,0.0,0.0,0.0,Recon
8.0,17,23878.75889553089,0.0,0.0,0.0,0.0,0.0,0.0,0.0,0,0.0,0.0,0.0,0.0,0.0,0.0,0.0,0.0,0.0,0.0,0.0,DoS
27.2,6,49.18308524684742,0.0,0.0,0.0,0.4,0.8,0.0,0.0,0,0.0,0.0,0.2,0.0,0.0,0.0,0.0,0.0,0.0,0.0,0.0,Spoofing
0.08,1,31191.37354056667,0.0,0.0,0.0,0.0,0.0,0.0,0.0,0,0.0,0.0,0.0,0.0,0.0,0.0,0.0,0.0,0.0,0.99,0.0,DoS
8.0,17,112993.10344827586,0.0,0.0,0.0,0.0,0.0,0.0,0.0,0,0.0,0.0,0.0,0.0,0.0,0.0,0.0,0.0,0.0,0.0,0.0,DDoS
32.0,6,6888.5560373144135,0.0,0.0,0.0,0.14,1.0,0.0,0.0,0,0.0,0.0,0.0,0.0,0.0,0.0,0.0,0.0,0.0,0.0,0.0,MQTT
32.0,6,99.73131088899478,0.0,0.0,0.0,0.53,1.0,0.0,0.0,0,0.0,0.0,0.0,0.0,0.0,0.0,0.0,0.0,0.0,0.0,0.0,Benign
29.84,6,49.92934925845886,0.0,0.0,0.0,0.55,0.93,0.0,0.0,0,0.0,0.07,0.0,0.0,0.0,0.0,0.0,0.0,0.0,0.0,0.0,Benign
20.0,6,9992.862078002525,0.0,1.0,0.0,0.0,0.0,0.0,0.0,0,0.0,0.0,0.0,0.0,0.0,0.0,0.0,0.0,0.0,0.0,0.0,DoS
29.12,6,17.143122229490697,0.0,0.0,0.0,0.45,0.88,0.0,0.0,0,0.0,0.0,0.0,0.0,0.0,0.0,0.0,0.01,0.0,0.0,0.0,Benign
8.0,17,162.1400627792983,0.0,0.0,0.0,0.0,0.0,0.0,0.0,0,0.0,0.0,0.0,0.0,0.0,0.0,0.0,0.0,0.0,0.0,0.0,Recon
27.12,6,38150.84591595416,0.12,0.05,0.44,0.15,0.51,0.0,0.0,44,0.0,0.0,0.0,0.0,0.0,0.0,0.0,0.0,0.0,0.0,0.0,MQTT
22.4,6,37718.561151079135,0.0,0.9,0.0,0.0,0.0,0.0,0.0,0,0.0,0.0,0.0,0.0,0.0,0.0,0.0,0.0,0.0,0.0,0.0,Recon
20.0,6,inf,0.0,0.0,1.0,0.0,1.0,0.0,0.0,10,0.0,0.0,0.0,0.0,0.0,0.0,0.0,0.0,0.0,0.0,0.0,Recon
20.0,6,4163.080893300248,0.0,0.0,1.0,0.0,1.0,0.0,0.0,10,0.0,0.0,0.0,0.0,0.0,0.0,0.0,0.0,0.0,0.0,0.0,Recon
20.0,6,inf,0.0,0.0,1.0,0.0,1.0,0.0,0.0,10,0.0,0.0,0.0,0.0,0.0,0.0,0.0,0.0,0.0,0.0,0.0,Recon
32.0,6,27909.928134149588,0.0,0.0,0.0,0.0,1.0,0.0,0.0,0,0.0,0.0,0.0,0.0,0.0,0.0,0.0,0.0,0.0,0.0,0.0,MQTT
21.6,6,37806.958716423294,0.0,1.0,0.0,0.0,0.4,0.0,0.0,0,0.0,0.0,0.0,0.0,0.0,0.0,0.0,0.0,0.0,0.0,0.0,DoS
32.0,6,6675.639025943021,0.0,0.0,0.0,0.0,1.0,0.0,0.0,0,0.0,0.0,0.0,0.0,0.0,0.0,0.0,0.0,0.0,0.0,0.0,Spoofing
23.6,6,1057.5386399737777,0.0,0.9,0.1,0.0,0.2,0.0,0.0,1,0.0,0.0,0.0,0.0,0.0,0.0,0.0,0.0,0.0,0.0,0.0,Recon
30.4,6,19.99338178365983,0.0,0.0,0.0,0.47,0.95,0.0,0.0,0,0.0,0.03,0.0,0.0,0.0,0.0,0.0,0.0,0.02,0.0,0.0,Benign
20.0,6,48405.12406231968,0.0,0.0,0.0,0.0,0.0,0.0,0.0,0,0.0,0.0,0.0,0.0,0.0,0.0,0.0,0.0,0.0,0.0,0.0,DDoS
32.28,6,15384.601841323403,0.14,0.23,0.18,0.26,0.68,0.0,0.0,18,0.0,0.03,0.0,0.0,0.0,0.0,0.0,0.0,0.0,0.0,0.0,MQTT
21.2,6,17126.598611678237,0.0,0.3,0.7,0.0,0.7,0.0,0.0,7,0.0,0.0,0.0,0.0,0.0,0.0,0.0,0.0,0.0,0.0,0.0,Recon
32.0,6,8944.986137769247,0.0,0.0,0.0,0.5,1.0,0.0,0.0,0,0.0,0.0,0.0,0.0,0.0,0.0,0.0,0.0,0.0,0.0,0.0,Recon
0.0,1,96910.9057301294,0.0,0.0,0.0,0.0,0.0,0.0,0.0,0,0.0,0.0,0.0,0.0,0.0,0.0,0.0,0.0,0.0,1.0,0.0,DDoS
29.04,6,5361.6403333844655,0.0,0.05,0.28,0.31,0.7,0.0,0.0,28,0.0,0.0,0.0,0.0,0.0,0.0,0.0,0.0,0.0,0.0,0.0,MQTT
20.0,6,12065.772970485012,0.0,1.0,0.0,0.0,0.0,0.0,0.0,0,0.0,0.0,0.0,0.0,0.0,0.0,0.0,0.0,0.0,0.0,0.0,DoS
0.08,1,33277.562678514754,0.0,0.0,0.0,0.0,0.0,0.0,0.0,0,0.0,0.0,0.0,0.0,0.0,0.0,0.0,0.0,0.0,0.99,0.0,DoS
31.64,6,1700.1637616538303,0.01,0.03,0.05,0.6,0.95,0.0,0.0,5,0.0,0.0,0.0,0.0,0.0,0.0,0.0,0.0,0.0,0.0,0.0,MQTT
20.0,6,2118.121401878598,0.0,0.0,1.0,0.0,1.0,0.0,0.0,10,0.0,0.0,0.0,0.0,0.0,0.0,0.0,0.0,0.0,0.0,0.0,Recon
8.0,17,72104.2461750043,0.0,0.0,0.0,0.0,0.0,0.0,0.0,0,0.0,0.0,0.0,0.0,0.0,0.0,0.0,0.0,0.0,0.0,0.0,DDoS
32.48,6,31929.841656516444,0.41,0.06,0.0,0.51,0.94,0.0,0.0,0,0.0,0.0,0.0,0.0,0.0,0.0,0.0,0.0,0.0,0.0,0.0,MQTT
31.76,6,49.881103912266994,0.0,0.0,0.0,0.47,0.99,0.0,0.0,0,0.0,0.02,0.0,0.0,0.0,0.0,0.0,0.0,0.0,0.0,0.0,Benign
32.0,6,2496.312343768599,0.0,0.0,0.0,0.0,1.0,0.0,0.0,0,0.0,0.0,0.0,0.0,0.0,0.0,0.0,0.0,0.0,0.0,0.0,Spoofing
20.0,6,65525.76159975004,0.0,1.0,0.0,0.0,0.0,0.0,0.0,0,0.0,0.0,0.0,0.0,0.0,0.0,0.0,0.0,0.0,0.0,0.0,DDoS
10.4,17,108.40571918905786,0.0,0.0,0.0,0.1,0.1,0.0,0.0,0,0.0,0.0,0.0,0.0,0.0,0.0,0.0,0.0,0.0,0.0,0.0,Recon
0.0,1,41980.82274046642,0.0,0.0,0.0,0.0,0.0,0.0,0.0,0,0.0,0.0,0.0,0.0,0.0,0.0,0.0,0.0,0.0,1.0,0.0,DDoS
8.0,17,177.8852947787622,0.0,0.0,0.0,0.0,0.0,0.0,0.0,0,0.0,0.0,0.0,0.0,0.0,0.0,0.0,0.0,0.0,0.0,0.0,Spoofing
20.0,6,26198.026233604,0.0,0.0,0.0,0.0,0.0,0.0,0.0,0,0.0,0.0,0.0,0.0,0.0,0.0,0.0,0.0,0.0,0.0,0.0,DDoS
8.0,17,24918.631178707223,0.0,0.0,0.0,0.0,0.0,0.0,0.0,0,0.0,0.0,0.0,0.0,0.0,0.0,0.0,0.0,0.0,0.0,0.0,DoS
21.2,6,29662.6874115983,0.0,0.3,0.7,0.0,0.7,0.0,0.0,7,0.0,0.0,0.0,0.0,0.0,0.0,0.0,0.0,0.0,0.0,0.0,Recon
8.0,17,134.8694170230554,0.0,0.0,0.0,0.0,0.0,0.0,0.0,0,0.0,0.0,0.0,0.0,0.0,0.0,0.0,0.0,0.0,0.0,0.0,Spoofing
19.2,6,2144.985169274829,0.0,0.7,0.0,0.0,0.0,0.0,0.0,0,0.0,0.0,0.0,0.0,0.0,0.0,0.0,0.0,0.0,0.0,0.0,Recon
32.0,6,20530.1223690651,0.0,0.0,0.0,0.5,1.0,0.0,0.0,0,0.0,0.0,0.0,0.0,0.0,0.0,0.0,0.0,0.0,0.0,0.0,Recon
20.0,6,23446.274246743807,0.0,1.0,0.0,0.0,0.0,0.0,0.0,0,0.0,0.0,0.0,0.0,0.0,0.0,0.0,0.0,0.0,0.0,0.0,DoS
21.8,6,12856.892376544156,0.0,0.79,0.21,0.0,0.45,0.0,0.0,21,0.0,0.0,0.0,0.0,0.0,0.0,0.0,0.0,0.0,0.0,0.0,DoS
29.76,6,42315.41565778854,0.22,0.17,0.3,0.15,0.69,0.0,0.0,30,0.0,0.0,0.0,0.0,0.0,0.0,0.0,0.0,0.0,0.0,0.0,MQTT
8.0,17,30292.532139245992,0.0,0.0,0.0,0.0,0.0,0.0,0.0,0,0.0,0.0,0.0,0.0,0.0,0.0,0.0,0.0,0.0,0.0,0.0,DoS
20.0,6,63694.82156416097,0.0,1.0,0.0,0.0,0.0,0.0,0.0,0,0.0,0.0,0.0,0.0,0.0,0.0,0.0,0.0,0.0,0.0,0.0,DDoS
30.28,6,19.26113505898881,0.0,0.0,0.0,0.45,0.94,0.0,0.0,0,0.0,0.02,0.0,0.0,0.0,0.0,0.0,0.0,0.02,0.0,0.0,Benign
24.0,6,41651.47964250248,0.0,1.0,0.0,0.0,0.0,0.0,0.0,0,0.0,0.0,0.0,0.0,0.0,0.0,0.0,0.0,0.0,0.0,0.0,Recon
8.0,17,33624.37069103736,0.0,0.0,0.0,0.0,0.0,0.0,0.0,0,0.0,0.0,0.0,0.0,0.0,0.0,0.0,0.0,0.0,0.0,0.0,DoS
24.0,6,23643.201803833144,0.0,1.0,0.0,0.0,0.0,0.0,0.0,0,0.0,0.0,0.0,0.0,0.0,0.0,0.0,0.0,0.0,0.0,0.0,Recon
22.76,6,63820.8155812538,0.0,1.0,0.0,0.0,0.69,0.0,0.0,0,0.0,0.0,0.0,0.0,0.0,0.0,0.0,0.0,0.0,0.0,0.0,DDoS
0.08,1,16025.920831422894,0.0,0.0,0.0,0.0,0.0,0.0,0.0,0,0.0,0.0,0.0,0.0,0.0,0.0,0.0,0.0,0.0,0.99,0.0,DoS
20.0,6,17702.71388173722,0.0,0.0,0.0,0.0,0.0,0.0,0.0,0,0.0,0.0,0.0,0.0,0.0,0.0,0.0,0.0,0.0,0.0,0.0,DoS
8.0,17,13710.01209426993,0.0,0.0,0.0,0.0,0.0,0.0,0.0,0,0.0,0.0,0.0,0.0,0.0,0.0,0.0,0.0,0.0,0.0,0.0,DoS
20.0,6,15386.294937637564,0.0,0.0,1.0,0.0,1.0,0.0,0.0,10,0.0,0.0,0.0,0.0,0.0,0.0,0.0,0.0,0.0,0.0,0.0,Recon
31.04,6,19.99779248763996,0.0,0.0,0.0,0.48,0.96,0.0,0.0,0,0.0,0.01,0.0,0.0,0.0,0.0,0.0,0.0,0.0,0.0,0.0,Benign
30.08,6,17.967534239187266,0.0,0.0,0.0,0.48,0.93,0.0,0.0,0,0.0,0.01,0.0,0.0,0.0,0.0,0.0,0.0,0.03,0.0,0.0,Benign
30.56,6,19.993905971194845,0.0,0.0,0.0,0.46,0.95,0.0,0.0,0,0.0,0.02,0.0,0.0,0.0,0.0,0.0,0.0,0.0,0.0,0.0,Benign
21.44,6,29402.76200490712,0.0,0.0,0.0,0.0,0.12,0.0,0.0,0,0.0,0.12,0.0,0.0,0.0,0.0,0.0,0.0,0.0,0.0,0.0,DDoS
33.36,6,19087.57622644944,0.26,0.17,0.0,0.27,1.0,0.0,0.0,0,0.0,0.0,0.0,0.0,0.0,0.0,0.0,0.0,0.0,0.0,0.0,MQTT
20.0,6,17963.52734592488,0.0,1.0,0.0,0.0,0.0,0.0,0.0,0,0.0,0.0,0.0,0.0,0.0,0.0,0.0,0.0,0.0,0.0,0.0,DoS
8.0,17,128.73308083753307,0.0,0.0,0.0,0.0,0.0,0.0,0.0,0,0.0,0.0,0.0,0.0,0.0,0.0,0.0,0.0,0.0,0.0,0.0,Spoofing
21.24,6,32927.49254200031,0.0,0.9,0.1,0.0,0.31,0.0,0.0,10,0.0,0.0,0.0,0.0,0.0,0.0,0.0,0.0,0.0,0.0,0.0,DoS
22.4,6,1103764.2105263155,0.0,0.9,0.0,0.0,0.0,0.0,0.0,0,0.0,0.0,0.0,0.0,0.0,0.0,0.0,0.0,0.0,0.0,0.0,Recon
0.08,1,17640.173276695965,0.0,0.0,0.0,0.0,0.0,0.0,0.0,0,0.0,0.0,0.01,0.0,0.0,0.0,0.0,0.0,0.0,0.99,0.0,DDoS
32.0,6,10288.226059654631,0.0,0.0,0.0,1.0,1.0,0.0,0.0,0,0.0,0.0,0.0,0.0,0.0,0.0,0.0,0.0,0.0,0.0,0.0,MQTT
8.0,17,59918.62857142857,0.0,0.0,0.0,0.0,0.0,0.0,0.0,0,0.0,0.0,0.0,0.0,0.0,0.0,0.0,0.0,0.0,0.0,0.0,DDoS
30.92,6,20.00543360470831,0.0,0.0,0.0,0.48,0.96,0.0,0.0,0,0.0,0.05,0.0,0.0,0.0,0.0,0.0,0.0,0.0,0.0,0.0,Benign
8.0,17,8352.85776874975,0.0,0.0,0.0,0.0,0.0,0.0,0.0,0,0.0,0.0,0.0,0.0,0.0,0.0,0.0,0.0,0.0,0.0,0.0,DoS
31.88,6,3825.418859389108,0.0,0.0,0.0,0.38,1.0,0.0,0.0,0,0.0,0.01,0.0,0.0,0.0,0.0,0.0,0.0,0.0,0.0,0.0,MQTT
8.0,17,143.98868497119747,0.0,0.0,0.0,0.0,0.0,0.0,0.0,0,0.0,0.0,0.0,0.0,0.0,0.0,0.0,0.0,0.0,0.0,0.0,Spoofing
29.52,6,78368.90881913304,0.2,0.2,0.34,0.17,0.53,0.0,0.0,34,0.0,0.0,0.0,0.0,0.0,0.0,0.0,0.0,0.0,0.0,0.0,MQTT
20.4,6,1287.662788198815,0.0,0.1,0.9,0.0,0.9,0.0,0.0,9,0.0,0.0,0.0,0.0,0.0,0.0,0.0,0.0,0.0,0.0,0.0,Recon
20.0,6,6802.309438858255,0.0,0.0,1.0,0.0,1.0,0.0,0.0,10,0.0,0.0,0.0,0.0,0.0,0.0,0.0,0.0,0.0,0.0,0.0,Recon
31.56,6,110609.28270042194,0.17,0.23,0.19,0.23,0.63,0.0,0.0,19,0.0,0.0,0.0,0.0,0.0,0.0,0.0,0.0,0.0,0.0,0.0,MQTT
29.32,6,4044.18389385992,0.03,0.01,0.23,0.43,0.76,0.0,0.0,23,0.0,0.0,0.0,0.0,0.0,0.0,0.0,0.0,0.0,0.0,0.0,MQTT
8.0,17,159.78787924965332,0.0,0.0,0.0,0.0,0.0,0.0,0.0,0,0.0,0.0,0.0,0.0,0.0,0.0,0.0,0.0,0.0,0.0,0.0,Spoofing
0.0,1,48077.76249426868,0.0,0.0,0.0,0.0,0.0,0.0,0.0,0,0.0,0.0,0.0,0.0,0.0,0.0,0.0,0.0,0.0,1.0,0.0,DDoS
20.0,6,1619.922756063649,0.0,0.0,1.0,0.0,1.0,0.0,0.0,10,0.0,0.0,0.0,0.0,0.0,0.0,0.0,0.0,0.0,0.0,0.0,Recon
28.76,6,46686.37577916296,0.14,0.09,0.33,0.19,0.64,0.0,0.0,33,0.0,0.0,0.0,0.0,0.0,0.0,0.0,0.0,0.0,0.0,0.0,MQTT
0.0,1,104051.20317539072,0.0,0.0,0.0,0.0,0.0,0.0,0.0,0,0.0,0.0,0.0,0.0,0.0,0.0,0.0,0.0,0.0,1.0,0.0,DDoS
30.64,6,21.70047475272746,0.01,0.01,0.0,0.45,0.94,0.0,0.0,0,0.0,0.12,0.02,0.0,0.0,0.0,0.0,0.01,0.0,0.0,0.0,Benign
0.0,1,38095.404178019984,0.0,0.0,0.0,0.0,0.0,0.0,0.0,0,0.0,0.0,0.0,0.0,0.0,0.0,0.0,0.0,0.0,1.0,0.0,DDoS
0.0,1,36245.28171448324,0.0,0.0,0.0,0.0,0.0,0.0,0.0,0,0.0,0.0,0.0,0.0,0.0,0.0,0.0,0.0,0.0,1.0,0.0,DDoS
7.2,17,81696.61082976237,0.0,0.0,0.0,0.0,0.0,0.0,0.0,0,0.0,0.0,0.0,0.0,0.0,0.0,0.0,0.0,0.0,0.1,0.0,DDoS
30.32,6,20.000944182145133,0.0,0.0,0.0,0.46,0.94,0.0,0.0,0,0.0,0.05,0.0,0.0,0.0,0.0,0.0,0.01,0.0,0.0,0.0,Benign
31.28,6,33.99769393350504,0.0,0.0,0.0,0.24,0.97,0.0,0.0,0,0.0,0.53,0.0,0.0,0.0,0.0,0.0,0.0,0.0,0.0,0.0,Benign
29.6,6,20.0082679581702,0.0,0.0,0.0,0.45,0.92,0.0,0.0,0,0.0,0.0,0.0,0.0,0.0,0.0,0.0,0.0,0.06,0.0,0.0,Benign
20.0,6,inf,0.0,0.0,1.0,0.0,1.0,0.0,0.0,10,0.0,0.0,0.0,0.0,0.0,0.0,0.0,0.0,0.0,0.0,0.0,Recon
0.0,1,41892.76867758689,0.0,0.0,0.0,0.0,0.0,0.0,0.0,0,0.0,0.0,0.0,0.0,0.0,0.0,0.0,0.0,0.0,1.0,0.0,DDoS
29.36,6,17.419184000696383,0.0,0.0,0.0,0.45,0.89,0.0,0.0,0,0.0,0.0,0.0,0.0,0.0,0.0,0.0,0.0,0.0,0.0,0.0,Benign
32.0,6,17876.247709159103,0.0,0.0,0.0,0.37,1.0,0.0,0.0,0,0.0,0.0,0.0,0.0,0.0,0.0,0.0,0.0,0.0,0.0,0.0,MQTT
30.92,6,16.67258022034354,0.0,0.0,0.0,0.48,0.96,0.0,0.0,0,0.0,0.01,0.0,0.0,0.0,0.0,0.0,0.01,0.0,0.0,0.0,Benign
32.0,6,1893.932990156236,0.0,0.0,0.0,0.0,1.0,0.0,0.0,0,0.0,1.0,0.0,0.0,0.0,0.0,0.0,0.0,0.0,0.0,0.0,Spoofing
32.0,6,670.5200390069222,0.0,0.0,0.0,0.0,1.0,0.0,0.0,0,0.0,1.0,0.0,0.0,0.0,0.0,0.0,0.0,0.0,0.0,0.0,Spoofing
3.2,1,11420.530414420302,0.0,0.0,0.0,0.01,0.1,0.0,0.0,0,0.0,0.1,0.0,0.0,0.0,0.0,0.0,0.0,0.0,0.9,0.0,DoS
20.4,6,3387.4204490389275,0.0,0.1,0.9,0.0,0.9,0.0,0.0,9,0.0,0.0,0.0,0.0,0.0,0.0,0.0,0.0,0.0,0.0,0.0,Recon
20.0,6,31636.02353296123,0.0,0.0,0.0,0.0,0.0,0.0,0.0,0,0.0,0.0,0.0,0.0,0.0,0.0,0.0,0.0,0.0,0.0,0.0,DoS
0.0,1,41355.78781305462,0.0,0.0,0.0,0.0,0.0,0.0,0.0,0,0.0,0.0,0.0,0.0,0.0,0.0,0.0,0.0,0.0,1.0,0.0,DDoS
17.6,17,265.10991719866,0.0,0.0,0.0,0.2,0.4,0.0,0.0,0,0.0,0.0,0.0,0.0,0.0,0.0,0.0,0.0,0.0,0.0,0.0,Spoofing
35.12,6,12481.561718842995,0.0,0.39,0.0,0.0,0.8,0.0,0.0,0,0.0,0.0,0.0,0.0,0.0,0.0,0.0,0.0,0.0,0.0,0.0,MQTT
30.88,6,248772.47924080663,0.28,0.13,0.18,0.27,0.81,0.0,0.0,18,0.0,0.0,0.0,0.0,0.0,0.0,0.0,0.0,0.0,0.0,0.0,MQTT
31.28,6,19.97461303063781,0.0,0.0,0.0,0.48,0.97,0.0,0.0,0,0.0,0.01,0.0,0.0,0.0,0.0,0.0,0.01,0.0,0.0,0.0,Benign
20.0,6,3464.9351507641472,0.0,0.0,1.0,0.0,1.0,0.0,0.0,10,0.0,0.0,0.0,0.0,0.0,0.0,0.0,0.0,0.0,0.0,0.0,Recon
0.96,1,68962.57809930944,0.0,0.0,0.0,0.0,0.03,0.0,0.0,0,0.0,0.03,0.0,0.0,0.0,0.0,0.0,0.0,0.0,0.97,0.0,DDoS
20.0,6,26280.100250626565,0.0,1.0,0.0,0.0,0.0,0.0,0.0,0,0.0,0.0,0.0,0.0,0.0,0.0,0.0,0.0,0.0,0.0,0.0,DDoS
8.0,17,58.190616645416746,0.0,0.0,0.0,0.0,0.0,0.0,0.0,0,0.0,0.0,0.0,0.0,0.0,0.0,0.0,0.0,0.0,0.0,0.0,Spoofing
34.32,6,23121.85226019845,0.21,0.29,0.04,0.29,0.87,0.0,0.0,4,0.0,0.0,0.0,0.0,0.0,0.0,0.0,0.0,0.0,0.0,0.0,MQTT
0.0,1,9405.74529634696,0.0,0.0,0.0,0.0,0.0,0.0,0.0,0,0.0,0.0,0.0,0.0,0.0,0.0,0.0,0.0,0.0,1.0,0.0,DoS
24.0,6,303935.0724637681,0.0,1.0,0.0,0.0,0.0,0.0,0.0,0,0.0,0.0,0.0,0.0,0.0,0.0,0.0,0.0,0.0,0.0,0.0,Recon
25.84,6,66491.81991122384,0.11,0.04,0.54,0.14,0.45,0.0,0.0,54,0.0,0.0,0.0,0.0,0.0,0.0,0.0,0.0,0.0,0.0,0.0,MQTT
20.0,6,inf,0.0,0.0,1.0,0.0,1.0,0.0,0.0,10,0.0,0.0,0.0,0.0,0.0,0.0,0.0,0.0,0.0,0.0,0.0,Recon
32.0,6,11890.638997561944,0.0,0.0,0.0,0.89,1.0,0.0,0.0,0,0.0,0.0,0.0,0.0,0.0,0.0,0.0,0.0,0.0,0.0,0.0,MQTT
24.0,6,11336.569544299691,0.0,1.0,0.0,0.0,1.0,0.0,0.0,0,0.0,0.0,0.0,0.0,0.0,0.0,0.0,0.0,0.0,0.0,0.0,DoS
20.0,6,inf,0.0,0.0,1.0,0.0,1.0,0.0,0.0,10,0.0,0.0,0.0,0.0,0.0,0.0,0.0,0.0,0.0,0.0,0.0,Recon
20.0,6,1927.5294117647056,0.0,0.0,1.0,0.0,1.0,0.0,0.0,10,0.0,0.0,0.0,0.0,0.0,0.0,0.0,0.0,0.0,0.0,0.0,Recon
31.36,6,59519.0009933305,0.33,0.1,0.12,0.29,0.88,0.0,0.0,12,0.0,0.0,0.0,0.0,0.0,0.0,0.0,0.0,0.0,0.0,0.0,MQTT
22.56,6,47302.40216533213,0.0,0.87,0.12,0.0,0.67,0.0,0.0,12,0.0,0.0,0.0,0.0,0.0,0.0,0.0,0.0,0.0,0.0,0.0,DoS
35.04,6,29770.06175030165,0.18,0.38,0.01,0.19,0.76,0.0,0.0,1,0.0,0.0,0.0,0.0,0.0,0.0,0.0,0.0,0.0,0.0,0.0,MQTT
32.84,6,17050.709378430016,0.19,0.33,0.15,0.15,0.82,0.0,0.0,15,0.0,0.0,0.0,0.0,0.0,0.0,0.0,0.0,0.0,0.0,0.0,MQTT
20.0,6,35338.3098828882,0.0,1.0,0.0,0.0,0.0,0.0,0.0,0,0.0,0.0,0.0,0.0,0.0,0.0,0.0,0.0,0.0,0.0,0.0,DDoS
18.8,6,960.058597326497,0.0,0.0,0.9,0.0,0.9,0.0,0.0,9,0.0,0.0,0.0,0.0,0.0,0.0,0.0,0.0,0.0,0.0,0.0,Recon
24.0,6,432402.4742268041,0.0,1.0,0.0,0.0,0.0,0.0,0.0,0,0.0,0.0,0.0,0.0,0.0,0.0,0.0,0.0,0.0,0.0,0.0,Recon
20.0,6,78.76686397644302,0.0,0.0,0.0,0.3,0.5,0.0,0.0,0,0.0,0.0,0.0,0.0,0.0,0.0,0.0,0.0,0.0,0.0,0.0,Spoofing
0.0,1,287281.09589041094,0.0,0.0,0.0,0.0,0.0,0.0,0.0,0,0.0,0.0,0.0,0.0,0.0,0.0,0.0,0.0,0.0,1.0,0.0,DDoS
8.0,17,86874.56503728252,0.0,0.0,0.0,0.0,0.0,0.0,0.0,0,0.0,0.0,0.0,0.0,0.0,0.0,0.0,0.0,0.0,0.0,0.0,DDoS
8.0,17,69975.04170837504,0.0,0.0,0.0,0.0,0.0,0.0,0.0,0,0.0,0.0,0.0,0.0,0.0,0.0,0.0,0.0,0.0,0.0,0.0,DDoS
25.8,6,33.380599191649566,0.01,0.01,0.0,0.32,0.91,0.0,0.0,0,0.32,0.0,0.04,0.0,0.0,0.0,0.0,0.0,0.04,0.0,0.0,Benign
31.64,6,57.11504674951243,0.0,0.0,0.0,0.11,0.99,0.0,0.0,0,0.0,0.74,0.0,0.0,0.0,0.0,0.0,0.0,0.0,0.0,0.0,Benign
8.0,17,15422.503309310192,0.0,0.0,0.0,0.0,0.0,0.0,0.0,0,0.0,0.0,0.0,0.0,0.0,0.0,0.0,0.0,0.0,0.0,0.0,DoS
20.0,6,87.44928871810804,0.0,0.0,0.0,0.7,1.0,0.0,0.0,0,0.0,1.0,0.0,0.0,0.0,0.0,0.0,0.0,0.0,0.0,0.0,Spoofing
0.0,1,28072.444950137207,0.0,0.0,0.0,0.0,0.0,0.0,0.0,0,0.0,0.0,0.0,0.0,0.0,0.0,0.0,0.0,0.0,1.0,0.0,DDoS
31.36,6,16.67383091186086,0.01,0.01,0.0,0.48,0.97,0.0,0.0,0,0.04,0.0,0.01,0.0,0.0,0.0,0.0,0.0,0.0,0.0,0.0,Benign
20.0,6,28098.774033630336,0.0,0.0,0.0,0.0,0.0,0.0,0.0,0,0.0,0.0,0.0,0.0,0.0,0.0,0.0,0.0,0.0,0.0,0.0,DoS
0.0,1,17985.866209262436,0.0,0.0,0.0,0.0,0.0,0.0,0.0,0,0.0,0.0,0.0,0.0,0.0,0.0,0.0,0.0,0.0,1.0,0.0,DoS
30.76,6,96.03289701138162,0.0,0.0,0.0,0.5,0.96,0.0,0.0,0,0.0,0.01,0.0,0.0,0.0,0.0,0.0,0.0,0.02,0.0,0.0,Benign
30.8,6,16.664472842275046,0.0,0.0,0.0,0.48,0.95,0.0,0.0,0,0.0,0.02,0.0,0.0,0.0,0.0,0.0,0.01,0.0,0.0,0.0,Benign
23.6,6,71943.46483704975,0.0,0.9,0.1,0.0,0.1,0.0,0.0,1,0.0,0.0,0.0,0.0,0.0,0.0,0.0,0.0,0.0,0.0,0.0,Recon
28.84,6,5107.219482496195,0.0,0.07,0.31,0.24,0.69,0.0,0.0,31,0.0,0.0,0.0,0.0,0.0,0.0,0.0,0.0,0.0,0.0,0.0,MQTT
0.0,1,49362.17488525362,0.0,0.0,0.0,0.0,0.0,0.0,0.0,0,0.0,0.0,0.0,0.0,0.0,0.0,0.0,0.0,0.0,1.0,0.0,DDoS
24.8,6,10.398794878431676,0.0,0.0,0.0,0.3,0.7,0.0,0.0,0,0.0,0.0,0.3,0.0,0.0,0.0,0.0,0.0,0.0,0.0,0.0,Spoofing
24.0,6,19878.218009478675,0.0,1.0,0.0,0.0,0.0,0.0,0.0,0,0.0,0.0,0.0,0.0,0.0,0.0,0.0,0.0,0.0,0.0,0.0,Recon
0.0,1,48099.81651376147,0.0,0.0,0.0,0.0,0.0,0.0,0.0,0,0.0,0.0,0.0,0.0,0.0,0.0,0.0,0.0,0.0,1.0,0.0,DDoS
19.6,17,227.28415124951164,0.0,0.1,0.0,0.08,0.38,0.0,0.0,0,0.27,0.17,0.32,0.0,0.0,0.0,0.0,0.0,0.0,0.0,0.0,Benign
30.28,6,22568.221684153887,0.13,0.19,0.27,0.11,0.73,0.0,0.0,27,0.0,0.0,0.0,0.0,0.0,0.0,0.0,0.0,0.0,0.0,0.0,MQTT
21.88,6,39431.26821472219,0.0,1.0,0.0,0.0,0.47,0.0,0.0,0,0.0,0.0,0.0,0.0,0.0,0.0,0.0,0.0,0.0,0.0,0.0,DDoS
8.0,17,38.76687031508508,0.0,0.0,0.0,0.0,0.0,0.0,0.0,0,0.0,0.0,0.0,0.0,0.0,0.0,0.0,0.0,0.0,0.0,0.0,Spoofing
32.0,6,1454.567649486395,0.0,0.0,0.0,0.06,1.0,0.0,0.0,0,0.0,0.88,0.0,0.0,0.0,0.0,0.0,0.0,0.0,0.0,0.0,Benign
32.0,6,116185.70637119112,0.0,0.0,0.0,0.8,1.0,0.0,0.0,0,0.0,0.0,0.0,0.0,0.0,0.0,0.0,0.0,0.0,0.0,0.0,Spoofing
32.0,6,15720.779610194902,0.0,0.0,0.0,0.5,1.0,0.0,0.0,0,0.0,0.0,0.0,0.0,0.0,0.0,0.0,0.0,0.0,0.0,0.0,Spoofing
20.0,6,inf,0.0,0.0,1.0,0.0,1.0,0.0,0.0,10,0.0,0.0,0.0,0.0,0.0,0.0,0.0,0.0,0.0,0.0,0.0,Recon
8.0,17,50582.537385431744,0.0,0.0,0.0,0.0,0.0,0.0,0.0,0,0.0,0.0,0.0,0.0,0.0,0.0,0.0,0.0,0.0,0.0,0.0,DDoS
0.0,1,31907.9802206162,0.0,0.0,0.0,0.0,0.0,0.0,0.0,0,0.0,0.0,0.0,0.0,0.0,0.0,0.0,0.0,0.0,1.0,0.0,DoS
32.0,6,11933.265050642996,0.0,0.0,0.0,0.55,1.0,0.0,0.0,0,0.0,0.0,0.0,0.0,0.0,0.0,0.0,0.0,0.0,0.0,0.0,MQTT
28.88,6,11047.23575736824,0.0,0.03,0.28,0.43,0.69,0.0,0.0,28,0.0,0.0,0.0,0.0,0.0,0.0,0.0,0.0,0.0,0.0,0.0,MQTT
20.0,6,inf,0.0,0.0,1.0,0.0,1.0,0.0,0.0,10,0.0,0.0,0.0,0.0,0.0,0.0,0.0,0.0,0.0,0.0,0.0,Recon
20.0,6,28986.20594333103,0.0,0.0,1.0,0.0,1.0,0.0,0.0,10,0.0,0.0,0.0,0.0,0.0,0.0,0.0,0.0,0.0,0.0,0.0,Recon
32.0,6,521.1610337972166,0.0,0.0,0.0,0.0,1.0,0.0,0.0,0,0.0,1.0,0.0,0.0,0.0,0.0,0.0,0.0,0.0,0.0,0.0,Spoofing
20.8,6,16506.50924832743,0.0,0.2,0.8,0.0,0.8,0.0,0.0,8,0.0,0.0,0.0,0.0,0.0,0.0,0.0,0.0,0.0,0.0,0.0,Recon
34.16,6,22547.59703257714,0.17,0.3,0.06,0.25,0.94,0.0,0.0,6,0.0,0.0,0.0,0.0,0.0,0.0,0.0,0.0,0.0,0.0,0.0,MQTT
31.2,6,25.339429499386195,0.0,0.1,0.0,0.4,0.9,0.0,0.0,0,0.0,0.1,0.0,0.0,0.0,0.0,0.0,0.0,0.0,0.0,0.0,Spoofing
20.0,6,33143.453180561046,0.0,1.0,0.0,0.0,0.0,0.0,0.0,0,0.0,0.0,0.0,0.0,0.0,0.0,0.0,0.0,0.0,0.0,0.0,DoS
30.56,6,16.662911757923,0.0,0.0,0.0,0.47,0.95,0.0,0.0,0,0.0,0.03,0.0,0.0,0.0,0.0,0.0,0.01,0.0,0.0,0.0,Benign
17.6,17,139.90106902820168,0.1,0.0,0.0,0.1,0.4,0.0,0.0,0,0.0,0.4,0.0,0.0,0.0,0.0,0.0,0.0,0.0,0.0,0.0,Spoofing
31.04,6,20.00007152582953,0.0,0.0,0.0,0.48,0.96,0.0,0.0,0,0.0,0.01,0.0,0.0,0.0,0.0,0.0,0.0,0.0,0.0,0.0,Benign
32.0,6,110.72959016653115,0.0,0.0,0.0,0.4,1.0,0.0,0.0,0,0.0,0.8,0.0,0.0,0.0,0.0,0.0,0.0,0.0,0.0,0.0,Recon
20.0,6,inf,0.0,0.0,1.0,0.0,1.0,0.0,0.0,10,0.0,0.0,0.0,0.0,0.0,0.0,0.0,0.0,0.0,0.0,0.0,Recon
24.0,6,626015.5223880596,0.0,1.0,0.0,0.0,0.0,0.0,0.0,0,0.0,0.0,0.0,0.0,0.0,0.0,0.0,0.0,0.0,0.0,0.0,Recon
0.0,0,5093.883896040807,0.0,0.0,0.0,0.0,0.0,0.0,0.0,0,0.0,0.0,0.0,0.0,0.0,0.0,0.0,0.0,1.0,0.0,0.0,Spoofing
8.0,17,25145.70743405276,0.0,0.0,0.0,0.0,0.0,0.0,0.0,0,0.0,0.0,0.0,0.0,0.0,0.0,0.0,0.0,0.0,0.0,0.0,DDoS
24.0,6,26445.80075662043,0.0,1.0,0.0,0.0,0.0,0.0,0.0,0,0.0,0.0,0.0,0.0,0.0,0.0,0.0,0.0,0.0,0.0,0.0,Recon
22.96,6,60098.92534747098,0.0,1.0,0.0,0.0,0.74,0.0,0.0,0,0.0,0.0,0.0,0.0,0.0,0.0,0.0,0.0,0.0,0.0,0.0,DDoS
20.0,6,1295.4978996787745,0.0,0.0,1.0,0.0,1.0,0.0,0.0,10,0.0,0.0,0.0,0.0,0.0,0.0,0.0,0.0,0.0,0.0,0.0,Recon
32.0,6,16313.901205756514,0.0,0.0,0.0,0.0,1.0,0.0,0.0,0,0.0,1.0,0.0,0.0,0.0,0.0,0.0,0.0,0.0,0.0,0.0,MQTT
0.24,1,35051.84689954872,0.0,0.0,0.0,0.0,0.0,0.0,0.0,0,0.0,0.0,0.0,0.0,0.0,0.0,0.0,0.0,0.0,0.97,0.0,DDoS
20.0,6,inf,0.0,0.0,1.0,0.0,1.0,0.0,0.0,10,0.0,0.0,0.0,0.0,0.0,0.0,0.0,0.0,0.0,0.0,0.0,Recon
0.0,1,229322.2525970476,0.0,0.0,0.0,0.0,0.0,0.0,0.0,0,0.0,0.0,0.0,0.0,0.0,0.0,0.0,0.0,0.0,1.0,0.0,DDoS
8.0,17,165.75000987947047,0.0,0.0,0.0,0.0,0.0,0.0,0.0,0,0.0,0.0,0.0,0.0,0.0,0.0,0.0,0.0,0.0,0.0,0.0,Recon
0.16,1,14518.186223606785,0.0,0.0,0.0,0.0,0.0,0.0,0.0,0,0.0,0.0,0.0,0.0,0.0,0.0,0.0,0.0,0.0,0.98,0.0,DoS
32.0,6,9911.86312505908,0.0,0.0,0.0,0.31,1.0,0.0,0.0,0,0.0,0.0,0.0,0.0,0.0,0.0,0.0,0.0,0.0,0.0,0.0,MQTT
32.56,6,39873.60015210571,0.17,0.28,0.14,0.2,0.71,0.0,0.0,14,0.0,0.0,0.0,0.0,0.0,0.0,0.0,0.0,0.0,0.0,0.0,MQTT
19.64,6,15777.550406259405,0.0,0.0,0.0,0.0,0.0,0.0,0.0,0,0.0,0.0,0.0,0.0,0.0,0.0,0.0,0.0,0.0,0.0,0.0,DoS
8.0,17,291.35001840776323,0.0,0.0,0.0,0.0,0.0,0.0,0.0,0,0.0,0.0,0.0,0.0,0.0,0.0,0.0,0.0,0.0,0.0,0.0,Spoofing
24.0,6,476625.4545454545,0.0,1.0,0.0,0.0,0.0,0.0,0.0,0,0.0,0.0,0.0,0.0,0.0,0.0,0.0,0.0,0.0,0.0,0.0,Recon
20.36,6,33967.47651441529,0.0,0.58,0.42,0.0,0.09,0.0,0.0,42,0.0,0.0,0.0,0.0,0.0,0.0,0.0,0.0,0.0,0.0,0.0,DoS
20.0,6,32971.49595157614,0.0,0.0,0.0,0.0,0.0,0.0,0.0,0,0.0,0.0,0.0,0.0,0.0,0.0,0.0,0.0,0.0,0.0,0.0,DoS
32.0,6,629.0480975448805,0.0,0.0,0.0,0.0,1.0,0.0,0.0,0,0.0,1.0,0.0,0.0,0.0,0.0,0.0,0.0,0.0,0.0,0.0,Spoofing
32.0,6,9140.705225994856,0.0,0.0,0.0,0.78,1.0,0.0,0.0,0,0.0,0.0,0.0,0.0,0.0,0.0,0.0,0.0,0.0,0.0,0.0,MQTT
30.08,6,19.998208206500053,0.0,0.0,0.0,0.46,0.92,0.0,0.0,0,0.0,0.0,0.0,0.0,0.0,0.0,0.0,0.0,0.0,0.0,0.0,Benign
8.0,17,19501.134461595684,0.0,0.0,0.0,0.0,0.0,0.0,0.0,0,0.0,0.0,0.0,0.0,0.0,0.0,0.0,0.0,0.0,0.0,0.0,DoS
29.0,6,9381.761245442549,0.07,0.0,0.25,0.35,0.75,0.0,0.0,25,0.0,0.05,0.0,0.0,0.0,0.0,0.0,0.0,0.0,0.0,0.0,MQTT
24.0,6,723155.8620689656,0.0,1.0,0.0,0.0,0.0,0.0,0.0,0,0.0,0.0,0.0,0.0,0.0,0.0,0.0,0.0,0.0,0.0,0.0,Recon
33.92,6,5438.037573415965,0.03,0.3,0.13,0.19,0.83,0.0,0.0,13,0.0,0.0,0.0,0.0,0.0,0.0,0.0,0.0,0.0,0.0,0.0,MQTT
22.0,6,98.09309983535398,0.0,0.5,0.5,0.0,0.5,0.0,0.0,5,0.0,0.0,0.0,0.0,0.0,0.0,0.0,0.0,0.0,0.0,0.0,Recon
32.08,6,27654.14386497,0.17,0.25,0.16,0.17,0.68,0.0,0.0,16,0.0,0.0,0.0,0.0,0.0,0.0,0.0,0.0,0.0,0.0,0.0,MQTT
0.0,1,47259.76338028169,0.0,0.0,0.0,0.0,0.0,0.0,0.0,0,0.0,0.0,0.0,0.0,0.0,0.0,0.0,0.0,0.0,1.0,0.0,DDoS
31.64,6,78988.7758945386,0.2,0.21,0.17,0.22,0.79,0.0,0.0,17,0.0,0.0,0.0,0.0,0.0,0.0,0.0,0.0,0.0,0.0,0.0,MQTT
31.28,6,19.98904161398716,0.0,0.0,0.0,0.51,0.97,0.0,0.0,0,0.0,0.02,0.0,0.0,0.0,0.0,0.0,0.0,0.0,0.0,0.0,Benign
32.0,6,8895.66065747614,0.0,0.0,0.0,0.6,1.0,0.0,0.0,0,0.0,0.0,0.0,0.0,0.0,0.0,0.0,0.0,0.0,0.0,0.0,Spoofing
8.0,17,113512.96346414072,0.0,0.0,0.0,0.0,0.0,0.0,0.0,0,0.0,0.0,0.0,0.0,0.0,0.0,0.0,0.0,0.0,0.0,0.0,DDoS
32.68,6,46618.91741691675,0.23,0.31,0.15,0.2,0.77,0.0,0.0,15,0.0,0.0,0.0,0.0,0.0,0.0,0.0,0.0,0.0,0.0,0.0,MQTT
31.28,6,16.665844825369984,0.0,0.0,0.0,0.48,0.97,0.0,0.0,0,0.0,0.02,0.0,0.0,0.0,0.0,0.0,0.0,0.0,0.0,0.0,Benign
29.6,6,10.014952094558746,0.0,0.0,0.0,0.5,0.9,0.0,0.0,0,0.0,0.0,0.0,0.0,0.0,0.0,0.0,0.0,0.0,0.0,0.0,Spoofing
30.32,6,20.0068859912436,0.0,0.0,0.0,0.47,0.93,0.0,0.0,0,0.0,0.01,0.0,0.0,0.0,0.0,0.0,0.0,0.0,0.0,0.0,Benign
20.0,6,4995.002977253781,0.0,0.0,1.0,0.0,1.0,0.0,0.0,10,0.0,0.0,0.0,0.0,0.0,0.0,0.0,0.0,0.0,0.0,0.0,Recon
24.0,6,27776.847682119205,0.0,1.0,0.0,0.0,0.0,0.0,0.0,0,0.0,0.0,0.0,0.0,0.0,0.0,0.0,0.0,0.0,0.0,0.0,Recon
30.92,6,20.01343389076616,0.0,0.0,0.0,0.47,0.96,0.0,0.0,0,0.0,0.02,0.0,0.0,0.0,0.0,0.0,0.0,0.0,0.0,0.0,Benign
24.0,6,20078.04691239828,0.0,1.0,0.0,0.0,0.0,0.0,0.0,0,0.0,0.0,0.0,0.0,0.0,0.0,0.0,0.0,0.0,0.0,0.0,Recon
32.0,6,143.76461878059146,0.0,0.0,0.0,0.4,1.0,0.0,0.0,0,0.0,0.0,0.0,0.0,0.0,0.0,0.0,0.0,0.0,0.0,0.0,Recon
20.0,6,84020.51282051283,0.0,1.0,0.0,0.0,0.0,0.0,0.0,0,0.0,0.0,0.0,0.0,0.0,0.0,0.0,0.0,0.0,0.0,0.0,DDoS
31.48,6,68680.26854429343,0.21,0.19,0.19,0.18,0.73,0.0,0.0,19,0.0,0.0,0.0,0.0,0.0,0.0,0.0,0.0,0.0,0.0,0.0,MQTT
22.4,6,13601.53062879009,0.0,0.8,0.2,0.0,0.6,0.0,0.0,20,0.0,0.0,0.0,0.0,0.0,0.0,0.0,0.0,0.0,0.0,0.0,DoS
31.92,6,79558.11836115326,0.17,0.29,0.23,0.19,0.66,0.0,0.0,23,0.0,0.0,0.0,0.0,0.0,0.0,0.0,0.0,0.0,0.0,0.0,MQTT
8.0,17,2237.5588156841823,0.0,0.0,0.0,0.0,0.0,0.0,0.0,0,0.0,0.0,0.0,0.0,0.0,0.0,0.0,0.0,0.0,0.0,0.0,Spoofing
33.36,6,27869.12956810632,0.45,0.17,0.0,0.22,0.92,0.0,0.0,0,0.0,0.0,0.0,0.0,0.0,0.0,0.0,0.0,0.0,0.0,0.0,MQTT
20.0,6,19546.57470407307,0.0,0.0,0.0,0.0,0.0,0.0,0.0,0,0.0,0.0,0.0,0.0,0.0,0.0,0.0,0.0,0.0,0.0,0.0,DoS
32.0,6,6078.260995580031,0.0,0.0,0.0,0.55,1.0,0.0,0.0,0,0.0,0.0,0.0,0.0,0.0,0.0,0.0,0.0,0.0,0.0,0.0,MQTT
8.0,17,8649.832955248505,0.0,0.0,0.0,0.0,0.0,0.0,0.0,0,0.0,0.0,0.0,0.0,0.0,0.0,0.0,0.0,0.0,0.0,0.0,Spoofing
29.76,6,19.993977453442888,0.01,0.01,0.0,0.45,0.91,0.0,0.0,0,0.04,0.01,0.01,0.0,0.0,0.0,0.0,0.0,0.02,0.0,0.0,Benign
32.0,6,3960.25304503824,0.0,0.0,0.0,0.0,1.0,0.0,0.0,0,0.0,1.0,0.0,0.0,0.0,0.0,0.0,0.0,0.0,0.0,0.0,Spoofing
8.0,17,4015.109656050468,0.0,0.0,0.0,0.0,0.0,0.0,0.0,0,0.0,0.0,0.0,0.0,0.0,0.0,0.0,0.0,0.0,0.0,0.0,DoS
0.0,1,41842.61771747805,0.0,0.0,0.0,0.0,0.0,0.0,0.0,0,0.0,0.0,0.0,0.0,0.0,0.0,0.0,0.0,0.0,1.0,0.0,DDoS
8.0,17,53018.63228416129,0.0,0.0,0.0,0.0,0.0,0.0,0.0,0,0.0,0.0,0.0,0.0,0.0,0.0,0.0,0.0,0.0,0.0,0.0,DDoS
28.16,6,20.81898140514266,0.0,0.0,0.0,0.44,0.88,0.0,0.0,0,0.0,0.0,0.0,0.0,0.0,0.0,0.0,0.0,0.09,0.0,0.0,Benign
20.0,6,29585.27191930592,0.0,1.0,0.0,0.0,0.0,0.0,0.0,0,0.0,0.0,0.0,0.0,0.0,0.0,0.0,0.0,0.0,0.0,0.0,DoS
0.0,1,537731.282051282,0.0,0.0,0.0,0.0,0.0,0.0,0.0,0,0.0,0.0,0.0,0.0,0.0,0.0,0.0,0.0,0.0,1.0,0.0,DDoS
8.0,17,143.32395906302858,0.0,0.0,0.0,0.0,0.0,0.0,0.0,0,0.0,0.0,0.0,0.0,0.0,0.0,0.0,0.0,0.0,0.0,0.0,Spoofing
28.48,6,17.53314858396018,0.0,0.0,0.0,0.44,0.88,0.0,0.0,0,0.0,0.0,0.0,0.0,0.0,0.0,0.0,0.0,0.08,0.0,0.0,Benign
32.0,6,2089.421141775431,0.0,0.0,0.0,0.0,1.0,0.0,0.0,0,0.0,1.0,0.0,0.0,0.0,0.0,0.0,0.0,0.0,0.0,0.0,Spoofing
8.0,17,165.5602747296124,0.0,0.0,0.0,0.0,0.0,0.0,0.0,0,0.0,0.0,0.0,0.0,0.0,0.0,0.0,0.0,0.0,0.0,0.0,Spoofing
31.68,6,36805.054405054405,0.29,0.17,0.14,0.22,0.82,0.0,0.0,14,0.0,0.0,0.0,0.0,0.0,0.0,0.0,0.0,0.0,0.0,0.0,MQTT
20.8,6,16694.41171787932,0.0,0.68,0.32,0.0,0.2,0.0,0.0,32,0.0,0.0,0.0,0.0,0.0,0.0,0.0,0.0,0.0,0.0,0.0,DoS
32.56,6,22774.089156757345,0.17,0.16,0.07,0.24,0.88,0.0,0.0,7,0.0,0.0,0.0,0.0,0.0,0.0,0.0,0.0,0.0,0.0,0.0,MQTT
19.88,6,34025.342743571025,0.0,0.0,0.0,0.0,0.0,0.0,0.0,0,0.0,0.0,0.0,0.0,0.0,0.0,0.0,0.0,0.0,0.0,0.0,DoS
8.0,17,30386.90139824676,0.0,0.0,0.0,0.0,0.0,0.0,0.0,0,0.0,0.0,0.0,0.0,0.0,0.0,0.0,0.0,0.0,0.0,0.0,DoS
0.0,1,26370.97767997485,0.0,0.0,0.0,0.0,0.0,0.0,0.0,0,0.0,0.0,0.0,0.0,0.0,0.0,0.0,0.0,0.0,1.0,0.0,DDoS
8.0,17,55494.89282879068,0.0,0.0,0.0,0.0,0.0,0.0,0.0,0,0.0,0.0,0.0,0.0,0.0,0.0,0.0,0.0,0.0,0.0,0.0,DDoS
24.8,6,9.986507049691534,0.0,0.0,0.0,0.4,0.7,0.0,0.0,0,0.0,0.0,0.0,0.0,0.0,0.0,0.0,0.0,0.0,0.0,0.0,Spoofing
27.32,6,23.600719178943564,0.0,0.0,0.0,0.39,0.82,0.0,0.0,0,0.0,0.02,0.0,0.0,0.0,0.0,0.0,0.0,0.0,0.0,0.0,Benign
32.0,6,9989.054276119936,0.0,0.0,0.0,0.51,1.0,0.0,0.0,0,0.0,0.0,0.0,0.0,0.0,0.0,0.0,0.0,0.0,0.0,0.0,MQTT
22.4,6,243.2495882339296,0.0,0.0,0.0,0.3,0.6,0.0,0.0,0,0.0,0.0,0.0,0.0,0.0,0.0,0.0,0.0,0.0,0.0,0.0,Spoofing
20.0,6,inf,0.0,0.0,1.0,0.0,1.0,0.0,0.0,10,0.0,0.0,0.0,0.0,0.0,0.0,0.0,0.0,0.0,0.0,0.0,Recon
32.0,6,5510.265640190231,0.0,0.0,0.0,0.4,1.0,0.0,0.0,0,0.0,0.0,0.0,0.0,0.0,0.0,0.0,0.0,0.0,0.0,0.0,MQTT
24.0,6,966.7413451343753,0.0,1.0,0.0,0.0,0.0,0.0,0.0,0,0.0,0.0,0.0,0.0,0.0,0.0,0.0,0.0,0.0,0.0,0.0,Recon
24.0,6,371177.34513274336,0.0,1.0,0.0,0.0,0.0,0.0,0.0,0,0.0,0.0,0.0,0.0,0.0,0.0,0.0,0.0,0.0,0.0,0.0,Recon
29.36,6,14210.27239463342,0.11,0.09,0.32,0.11,0.67,0.0,0.0,32,0.0,0.0,0.0,0.0,0.0,0.0,0.0,0.0,0.0,0.0,0.0,MQTT
24.0,6,105120.40100250626,0.0,1.0,0.0,0.0,0.0,0.0,0.0,0,0.0,0.0,0.0,0.0,0.0,0.0,0.0,0.0,0.0,0.0,0.0,Recon
23.6,6,1486.5511252879674,0.0,0.9,0.1,0.0,0.1,0.0,0.0,1,0.0,0.0,0.0,0.0,0.0,0.0,0.0,0.0,0.0,0.0,0.0,Recon
0.0,1,57701.251891594446,0.0,0.0,0.0,0.0,0.0,0.0,0.0,0,0.0,0.0,0.0,0.0,0.0,0.0,0.0,0.0,0.0,1.0,0.0,DDoS
20.0,6,inf,0.0,0.0,1.0,0.0,1.0,0.0,0.0,10,0.0,0.0,0.0,0.0,0.0,0.0,0.0,0.0,0.0,0.0,0.0,Recon
30.8,6,83319.50735001986,0.12,0.24,0.26,0.09,0.53,0.0,0.0,26,0.0,0.0,0.0,0.0,0.0,0.0,0.0,0.0,0.0,0.0,0.0,MQTT
33.72,6,14214.606703494086,0.24,0.26,0.04,0.25,0.78,0.0,0.0,4,0.0,0.0,0.0,0.0,0.0,0.0,0.0,0.0,0.0,0.0,0.0,MQTT
20.8,6,10140.967117988395,0.0,0.8,0.0,0.0,0.0,0.0,0.0,0,0.0,0.0,0.0,0.0,0.0,0.0,0.0,0.0,0.0,0.0,0.0,Recon
8.0,17,42755.39245667686,0.0,0.0,0.0,0.0,0.0,0.0,0.0,0,0.0,0.0,0.0,0.0,0.0,0.0,0.0,0.0,0.0,0.0,0.0,DoS
30.68,6,24.99522657954926,0.0,0.0,0.0,0.48,0.97,0.0,0.0,0,0.0,0.05,0.02,0.0,0.0,0.0,0.0,0.0,0.0,0.0,0.0,Benign
20.0,6,33805.94825501733,0.0,0.0,0.0,0.0,0.0,0.0,0.0,0,0.0,0.0,0.0,0.0,0.0,0.0,0.0,0.0,0.0,0.0,0.0,DoS
20.0,6,7656.354276952284,0.0,1.0,0.0,0.0,0.0,0.0,0.0,0,0.0,0.0,0.0,0.0,0.0,0.0,0.0,0.0,0.0,0.0,0.0,DoS
30.28,6,20.018304395918666,0.01,0.01,0.03,0.45,0.92,0.0,0.0,3,0.0,0.18,0.02,0.0,0.0,0.0,0.0,0.02,0.0,0.0,0.0,Benign
17.6,6,inf,0.0,0.0,0.8,0.0,0.8,0.0,0.0,8,0.0,0.0,0.0,0.0,0.0,0.0,0.0,0.0,0.0,0.0,0.0,Recon
8.0,17,255.5196529960767,0.0,0.0,0.0,0.0,0.0,0.0,0.0,0,0.0,0.0,0.0,0.0,0.0,0.0,0.0,0.0,0.0,0.0,0.0,Spoofing
20.0,6,83468.73631840796,0.0,0.73,0.27,0.0,0.0,0.0,0.0,27,0.0,0.0,0.0,0.0,0.0,0.0,0.0,0.0,0.0,0.0,0.0,DDoS
32.0,6,560.9308048252067,0.0,0.0,0.0,0.06,1.0,0.0,0.0,0,0.0,0.88,0.0,0.0,0.0,0.0,0.0,0.0,0.0,0.0,0.0,Benign
24.0,6,39681.21097445601,0.0,1.0,0.0,0.0,0.0,0.0,0.0,0,0.0,0.0,0.0,0.0,0.0,0.0,0.0,0.0,0.0,0.0,0.0,Recon
20.08,6,38.00287528811548,0.01,0.01,0.0,0.57,0.91,0.0,0.0,0,0.0,0.92,0.02,0.0,0.0,0.0,0.0,0.0,0.0,0.0,0.0,Benign
30.8,6,16.67671146362486,0.0,0.0,0.0,0.47,0.95,0.0,0.0,0,0.0,0.01,0.0,0.0,0.0,0.0,0.0,0.01,0.0,0.0,0.0,Benign
32.0,6,8780.205149675528,0.0,0.0,0.0,0.0,1.0,0.0,0.0,0,0.0,0.0,0.0,0.0,0.0,0.0,0.0,0.0,0.0,0.0,0.0,Spoofing
33.0,6,72203.54622138062,0.3,0.23,0.07,0.33,0.82,0.0,0.0,7,0.0,0.0,0.0,0.0,0.0,0.0,0.0,0.0,0.0,0.0,0.0,MQTT
8.0,17,24049.90825688073,0.0,0.0,0.0,0.0,0.0,0.0,0.0,0,0.0,0.0,0.0,0.0,0.0,0.0,0.0,0.0,0.0,0.0,0.0,DoS
31.76,6,99.71720310903028,0.0,0.0,0.0,0.58,1.0,0.0,0.0,0,0.0,0.02,0.0,0.0,0.0,0.0,0.0,0.0,0.0,0.0,0.0,Benign
29.2,6,59.86235795495092,0.0,0.1,0.0,0.3,0.9,0.0,0.0,0,0.0,0.9,0.1,0.0,0.0,0.0,0.0,0.0,0.0,0.0,0.0,Spoofing
29.6,6,12.87152242440907,0.0,0.0,0.0,0.4,0.9,0.0,0.0,0,0.0,0.0,0.0,0.0,0.0,0.0,0.0,0.0,0.0,0.0,0.0,Recon
31.04,6,33.326124055411114,0.0,0.0,0.0,0.19,0.96,0.0,0.0,0,0.0,0.61,0.0,0.0,0.0,0.0,0.0,0.01,0.0,0.0,0.0,Benign
0.0,1,31356.937799043066,0.0,0.0,0.0,0.0,0.0,0.0,0.0,0,0.0,0.0,0.0,0.0,0.0,0.0,0.0,0.0,0.0,1.0,0.0,DDoS
20.0,6,inf,0.0,0.0,1.0,0.0,1.0,0.0,0.0,10,0.0,0.0,0.0,0.0,0.0,0.0,0.0,0.0,0.0,0.0,0.0,Recon
31.0,6,36.612696387259184,0.01,0.03,0.02,0.44,0.91,0.0,0.0,2,0.0,0.35,0.0,0.0,0.0,0.0,0.0,0.0,0.02,0.0,0.0,Benign
22.0,6,136.94121488156455,0.0,0.5,0.4,0.0,0.5,0.0,0.0,4,0.0,0.0,0.0,0.0,0.0,0.0,0.0,0.0,0.0,0.0,0.0,Recon
21.32,6,71319.57150144533,0.0,0.33,0.67,0.0,0.33,0.0,0.0,67,0.0,0.0,0.0,0.0,0.0,0.0,0.0,0.0,0.0,0.0,0.0,DDoS
21.2,6,56223.91420911528,0.0,0.3,0.7,0.0,0.7,0.0,0.0,7,0.0,0.0,0.0,0.0,0.0,0.0,0.0,0.0,0.0,0.0,0.0,Recon
24.0,6,1784.430546692193,0.0,1.0,0.0,0.0,0.0,0.0,0.0,0,0.0,0.0,0.0,0.0,0.0,0.0,0.0,0.0,0.0,0.0,0.0,Recon
31.28,6,32.73581660030482,0.0,0.0,0.0,0.3,0.97,0.0,0.0,0,0.0,0.41,0.01,0.0,0.0,0.0,0.0,0.0,0.0,0.0,0.0,Benign
33.92,6,91319.48617461354,0.19,0.24,0.0,0.33,0.9,0.0,0.0,0,0.0,0.0,0.0,0.0,0.0,0.0,0.0,0.0,0.0,0.0,0.0,MQTT
8.0,17,380.7638327810812,0.0,0.0,0.0,0.0,0.0,0.0,0.0,0,0.0,0.0,0.0,0.0,0.0,0.0,0.0,0.0,0.0,0.0,0.0,Spoofing
31.04,6,16.669825649202707,0.0,0.0,0.0,0.47,0.96,0.0,0.0,0,0.0,0.01,0.0,0.0,0.0,0.0,0.0,0.0,0.0,0.0,0.0,Benign
8.0,17,24528.09356725146,0.0,0.0,0.0,0.0,0.0,0.0,0.0,0,0.0,0.0,0.0,0.0,0.0,0.0,0.0,0.0,0.0,0.0,0.0,DoS
8.0,17,69064.77852791043,0.0,0.0,0.0,0.0,0.0,0.0,0.0,0,0.0,0.0,0.0,0.0,0.0,0.0,0.0,0.0,0.0,0.0,0.0,DDoS
20.0,6,90746.51665945478,0.0,0.0,0.0,0.0,0.0,0.0,0.0,0,0.0,0.0,0.0,0.0,0.0,0.0,0.0,0.0,0.0,0.0,0.0,DDoS
30.6,6,52851.6129032258,0.26,0.2,0.25,0.23,0.55,0.0,0.0,25,0.0,0.0,0.0,0.0,0.0,0.0,0.0,0.0,0.0,0.0,0.0,MQTT
22.4,6,2079.064141964905,0.0,0.9,0.0,0.0,0.0,0.0,0.0,0,0.0,0.0,0.0,0.0,0.0,0.0,0.0,0.0,0.0,0.0,0.0,Recon
32.0,6,50.87458153413226,0.0,0.0,0.0,0.4,1.0,0.0,0.0,0,0.0,0.0,0.0,0.0,0.0,0.0,0.0,0.0,0.0,0.0,0.0,Recon
0.0,1,196454.5199063232,0.0,0.0,0.0,0.0,0.0,0.0,0.0,0,0.0,0.0,0.0,0.0,0.0,0.0,0.0,0.0,0.0,1.0,0.0,DDoS
30.68,6,16.671345619921425,0.0,0.0,0.0,0.47,0.95,0.0,0.0,0,0.0,0.01,0.0,0.0,0.0,0.0,0.0,0.01,0.0,0.0,0.0,Benign
0.0,1,44113.42027766092,0.0,0.0,0.0,0.0,0.0,0.0,0.0,0,0.0,0.0,0.0,0.0,0.0,0.0,0.0,0.0,0.0,1.0,0.0,DDoS
31.28,6,16.676456184673953,0.0,0.0,0.0,0.49,0.97,0.0,0.0,0,0.0,0.01,0.0,0.0,0.0,0.0,0.0,0.0,0.0,0.0,0.0,Benign
30.32,6,32.533951262957274,0.0,0.0,0.0,0.48,0.98,0.0,0.0,0,0.0,0.12,0.0,0.0,0.0,0.0,0.0,0.0,0.0,0.0,0.0,Benign
8.0,17,30977.134416543573,0.0,0.0,0.0,0.0,0.0,0.0,0.0,0,0.0,0.0,0.0,0.0,0.0,0.0,0.0,0.0,0.0,0.0,0.0,DDoS
30.04,6,20.004868738653283,0.01,0.01,0.0,0.46,0.92,0.0,0.0,0,0.0,0.15,0.02,0.0,0.0,0.0,0.0,0.01,0.0,0.0,0.0,Benign
32.0,6,2428.383510884669,0.0,0.0,0.0,0.0,1.0,0.0,0.0,0,0.0,1.0,0.0,0.0,0.0,0.0,0.0,0.0,0.0,0.0,0.0,Spoofing
20.0,6,inf,0.0,0.0,1.0,0.0,1.0,0.0,0.0,10,0.0,0.0,0.0,0.0,0.0,0.0,0.0,0.0,0.0,0.0,0.0,Recon
27.84,6,66093.665300977,0.16,0.11,0.42,0.16,0.56,0.0,0.0,42,0.0,0.0,0.0,0.0,0.0,0.0,0.0,0.0,0.0,0.0,0.0,MQTT
24.0,6,100824.6153846154,0.0,1.0,0.0,0.0,0.0,0.0,0.0,0,0.0,0.0,0.0,0.0,0.0,0.0,0.0,0.0,0.0,0.0,0.0,Recon
0.0,1,202427.79922779923,0.0,0.0,0.0,0.0,0.0,0.0,0.0,0,0.0,0.0,0.0,0.0,0.0,0.0,0.0,0.0,0.0,1.0,0.0,DDoS
31.76,6,172.78200890459038,0.0,0.0,0.0,0.09,1.0,0.0,0.0,0,0.0,0.84,0.0,0.0,0.0,0.0,0.0,0.0,0.0,0.0,0.0,Benign
25.6,6,10.020720890111908,0.0,0.0,0.0,0.4,0.8,0.0,0.0,0,0.0,0.0,0.0,0.0,0.0,0.0,0.0,0.0,0.2,0.0,0.0,Recon
32.0,6,479.6176144355125,0.0,0.0,0.0,0.0,1.0,0.0,0.0,0,0.0,1.0,0.0,0.0,0.0,0.0,0.0,0.0,0.0,0.0,0.0,Spoofing
20.0,6,28385.923118570656,0.0,0.0,0.0,0.0,0.0,0.0,0.0,0,0.0,0.0,0.0,0.0,0.0,0.0,0.0,0.0,0.0,0.0,0.0,DoS
21.6,6,70921.60973960094,0.0,0.4,0.6,0.0,0.4,0.0,0.0,60,0.0,0.0,0.0,0.0,0.0,0.0,0.0,0.0,0.0,0.0,0.0,DDoS
0.0,1,76734.43102817416,0.0,0.0,0.0,0.0,0.0,0.0,0.0,0,0.0,0.0,0.0,0.0,0.0,0.0,0.0,0.0,0.0,1.0,0.0,DDoS
24.0,6,676500.6451612903,0.0,1.0,0.0,0.0,0.0,0.0,0.0,0,0.0,0.0,0.0,0.0,0.0,0.0,0.0,0.0,0.0,0.0,0.0,Recon
32.0,6,17360.529801324505,0.0,0.0,0.0,0.5,1.0,0.0,0.0,0,0.0,0.0,0.0,0.0,0.0,0.0,0.0,0.0,0.0,0.0,0.0,Spoofing
20.0,6,inf,0.0,0.0,1.0,0.0,1.0,0.0,0.0,10,0.0,0.0,0.0,0.0,0.0,0.0,0.0,0.0,0.0,0.0,0.0,Recon
32.0,6,21578.96794772856,0.0,0.0,0.0,0.89,1.0,0.0,0.0,0,0.0,0.0,0.0,0.0,0.0,0.0,0.0,0.0,0.0,0.0,0.0,MQTT
24.0,6,221920.8465608465,0.0,1.0,0.0,0.0,0.0,0.0,0.0,0,0.0,0.0,0.0,0.0,0.0,0.0,0.0,0.0,0.0,0.0,0.0,Recon
8.0,17,15501.733377684148,0.0,0.0,0.0,0.0,0.0,0.0,0.0,0,0.0,0.0,0.0,0.0,0.0,0.0,0.0,0.0,0.0,0.0,0.0,DoS
0.0,1,24630.359974161725,0.0,0.0,0.0,0.0,0.0,0.0,0.0,0,0.0,0.0,0.0,0.0,0.0,0.0,0.0,0.0,0.0,1.0,0.0,DoS
31.04,6,16.66452779671417,0.0,0.0,0.0,0.47,0.96,0.0,0.0,0,0.0,0.02,0.0,0.0,0.0,0.0,0.0,0.0,0.0,0.0,0.0,Benign
19.76,6,10223.77574649604,0.0,0.0,0.0,0.0,0.0,0.0,0.0,0,0.0,0.0,0.0,0.0,0.0,0.0,0.0,0.0,0.0,0.0,0.0,DoS
20.0,6,inf,0.0,0.0,1.0,0.0,1.0,0.0,0.0,10,0.0,0.0,0.0,0.0,0.0,0.0,0.0,0.0,0.0,0.0,0.0,Recon
20.0,6,23797.4695035461,0.0,0.0,0.0,0.0,0.0,0.0,0.0,0,0.0,0.0,0.0,0.0,0.0,0.0,0.0,0.0,0.0,0.0,0.0,DDoS
0.08,1,93455.97147950088,0.0,0.0,0.0,0.0,0.0,0.0,0.0,0,0.0,0.0,0.0,0.0,0.0,0.0,0.0,0.0,0.0,0.99,0.0,DDoS
32.0,6,3442.46881155614,0.0,0.0,0.0,0.0,1.0,0.0,0.0,0,0.0,1.0,0.0,0.0,0.0,0.0,0.0,0.0,0.0,0.0,0.0,Spoofing
20.0,6,inf,0.0,0.0,1.0,0.0,1.0,0.0,0.0,10,0.0,0.0,0.0,0.0,0.0,0.0,0.0,0.0,0.0,0.0,0.0,Recon
8.0,17,271827.86779001943,0.0,0.0,0.0,0.0,0.0,0.0,0.0,0,0.0,0.0,0.0,0.0,0.0,0.0,0.0,0.0,0.0,0.0,0.0,DDoS
8.0,17,68266.66666666667,0.0,0.0,0.0,0.0,0.0,0.0,0.0,0,0.0,0.0,0.0,0.0,0.0,0.0,0.0,0.0,0.0,0.0,0.0,DDoS
0.0,1,258429.0819470117,0.0,0.0,0.0,0.0,0.0,0.0,0.0,0,0.0,0.0,0.0,0.0,0.0,0.0,0.0,0.0,0.0,1.0,0.0,DDoS
20.88,6,31959.036879000305,0.0,0.88,0.12,0.0,0.22,0.0,0.0,12,0.0,0.0,0.0,0.0,0.0,0.0,0.0,0.0,0.0,0.0,0.0,DDoS
8.0,17,205.4993802148915,0.0,0.0,0.0,0.0,0.0,0.0,0.0,0,0.0,0.0,0.2,0.0,0.0,0.0,0.0,0.0,0.0,0.0,0.0,Spoofing
26.8,6,20.001847437786434,0.0,0.0,0.0,0.41,0.81,0.0,0.0,0,0.0,0.01,0.0,0.0,0.0,0.0,0.0,0.0,0.08,0.0,0.0,Benign
7.2,17,51.96501226553014,0.0,0.0,0.0,0.0,0.0,0.0,0.0,0,0.0,0.0,0.0,0.0,0.0,0.0,0.0,0.0,0.1,0.0,0.0,Spoofing
21.8,6,48708.67495064453,0.0,0.93,0.07,0.0,0.45,0.0,0.0,7,0.0,0.0,0.0,0.0,0.0,0.0,0.0,0.0,0.0,0.0,0.0,DoS
8.0,17,30211.798602607505,0.0,0.0,0.0,0.0,0.0,0.0,0.0,0,0.0,0.0,0.0,0.0,0.0,0.0,0.0,0.0,0.0,0.0,0.0,DoS
31.88,6,14421.345069453995,0.22,0.18,0.13,0.19,0.84,0.0,0.0,13,0.0,0.0,0.0,0.0,0.0,0.0,0.0,0.0,0.0,0.0,0.0,MQTT
20.0,6,17522.262606007436,0.0,0.0,0.0,0.0,0.0,0.0,0.0,0,0.0,0.0,0.0,0.0,0.0,0.0,0.0,0.0,0.0,0.0,0.0,DoS
32.0,6,29066.555786555786,0.0,0.0,0.0,0.5,1.0,0.0,0.0,0,0.0,0.0,0.0,0.0,0.0,0.0,0.0,0.0,0.0,0.0,0.0,Spoofing
31.52,6,25.05867361280512,0.0,0.0,0.0,0.43,0.98,0.0,0.0,0,0.0,0.0,0.0,0.0,0.0,0.0,0.0,0.0,0.0,0.0,0.0,Benign
20.0,6,29257.14285714286,0.0,1.0,0.0,0.0,0.0,0.0,0.0,0,0.0,0.0,0.0,0.0,0.0,0.0,0.0,0.0,0.0,0.0,0.0,DoS
0.0,1,227827.4850624661,0.0,0.0,0.0,0.0,0.0,0.0,0.0,0,0.0,0.0,0.0,0.0,0.0,0.0,0.0,0.0,0.0,1.0,0.0,DDoS
35.0,6,44131.986531986535,0.16,0.48,0.07,0.13,0.5,0.0,0.0,7,0.0,0.0,0.0,0.0,0.0,0.0,0.0,0.0,0.0,0.0,0.0,MQTT
32.36,6,3318.7248284975035,0.27,0.12,0.14,0.07,0.81,0.0,0.0,14,0.0,0.0,0.0,0.0,0.0,0.0,0.0,0.0,0.0,0.0,0.0,MQTT
8.0,17,131236.0450563204,0.0,0.0,0.0,0.0,0.0,0.0,0.0,0,0.0,0.0,0.0,0.0,0.0,0.0,0.0,0.0,0.0,0.0,0.0,DDoS
24.0,6,742.341551476965,0.0,1.0,0.0,0.0,0.0,0.0,0.0,0,0.0,0.0,0.0,0.0,0.0,0.0,0.0,0.0,0.0,0.0,0.0,Recon
31.04,6,16.67028147880355,0.0,0.0,0.0,0.49,0.96,0.0,0.0,0,0.0,0.0,0.0,0.0,0.0,0.0,0.0,0.0,0.0,0.0,0.0,Benign
26.92,6,22.35307290639927,0.0,0.0,0.0,0.4,0.8,0.0,0.0,0,0.0,0.0,0.0,0.0,0.0,0.0,0.0,0.01,0.02,0.0,0.0,Benign
30.84,6,14587.868670005564,0.11,0.11,0.17,0.23,0.8,0.0,0.0,17,0.0,0.0,0.0,0.0,0.0,0.0,0.0,0.0,0.0,0.0,0.0,MQTT
14.72,17,36605.899807994414,0.0,0.0,0.0,0.0,0.28,0.0,0.0,0,0.0,0.28,0.0,0.0,0.0,0.0,0.0,0.0,0.0,0.0,0.0,DoS
20.0,6,53213.70210606445,0.0,0.0,0.0,0.0,0.0,0.0,0.0,0,0.0,0.0,0.0,0.0,0.0,0.0,0.0,0.0,0.0,0.0,0.0,DDoS
20.0,6,6056.756678700361,0.0,0.0,1.0,0.0,1.0,0.0,0.0,10,0.0,0.0,0.0,0.0,0.0,0.0,0.0,0.0,0.0,0.0,0.0,Recon
24.0,6,103054.15233415231,0.0,1.0,0.0,0.0,0.0,0.0,0.0,0,0.0,0.0,0.0,0.0,0.0,0.0,0.0,0.0,0.0,0.0,0.0,Recon
31.16,6,100897.3779167669,0.11,0.09,0.13,0.42,0.85,0.0,0.0,13,0.0,0.0,0.0,0.0,0.0,0.0,0.0,0.0,0.0,0.0,0.0,MQTT
30.04,6,20.00222803138167,0.01,0.01,0.0,0.44,0.92,0.0,0.0,0,0.0,0.16,0.02,0.0,0.0,0.0,0.0,0.0,0.0,0.0,0.0,Benign
0.64,1,25175.8943577431,0.0,0.0,0.0,0.01,0.02,0.0,0.0,0,0.0,0.0,0.0,0.0,0.0,0.0,0.0,0.0,0.0,0.98,0.0,DoS
28.88,6,20.17997753420184,0.0,0.0,0.0,0.41,0.91,0.0,0.0,0,0.0,0.03,0.0,0.0,0.0,0.0,0.0,0.0,0.06,0.0,0.0,Benign
24.0,6,3335.430616302187,0.0,1.0,0.0,0.0,0.0,0.0,0.0,0,0.0,0.0,0.0,0.0,0.0,0.0,0.0,0.0,0.0,0.0,0.0,Recon
20.0,6,inf,0.0,0.0,1.0,0.0,1.0,0.0,0.0,10,0.0,0.0,0.0,0.0,0.0,0.0,0.0,0.0,0.0,0.0,0.0,Recon
30.52,6,29822.980659840727,0.17,0.19,0.26,0.19,0.67,0.0,0.0,26,0.0,0.0,0.0,0.0,0.0,0.0,0.0,0.0,0.0,0.0,0.0,MQTT
24.0,6,14084.298186702485,0.0,1.0,0.0,0.0,0.0,0.0,0.0,0,0.0,0.0,0.0,0.0,0.0,0.0,0.0,0.0,0.0,0.0,0.0,Recon
32.0,6,inf,0.0,0.0,0.0,0.0,1.0,0.0,0.0,0,0.0,1.0,0.0,0.0,0.0,0.0,0.0,0.0,0.0,0.0,0.0,Spoofing
8.0,17,16207.991343998763,0.0,0.0,0.0,0.0,0.0,0.0,0.0,0,0.0,0.0,0.0,0.0,0.0,0.0,0.0,0.0,0.0,0.0,0.0,DoS
28.2,6,48993.1550052564,0.14,0.08,0.37,0.16,0.59,0.0,0.0,37,0.0,0.0,0.0,0.0,0.0,0.0,0.0,0.0,0.0,0.0,0.0,MQTT
0.0,1,21441.07964420816,0.0,0.0,0.0,0.0,0.0,0.0,0.0,0,0.0,0.0,0.0,0.0,0.0,0.0,0.0,0.0,0.0,1.0,0.0,DoS
20.0,6,30312.23531112236,0.0,0.0,0.0,0.0,0.0,0.0,0.0,0,0.0,0.0,0.0,0.0,0.0,0.0,0.0,0.0,0.0,0.0,0.0,DoS
30.32,6,22.90052137224349,0.0,0.0,0.0,0.48,0.93,0.0,0.0,0,0.0,0.1,0.0,0.0,0.0,0.0,0.0,0.0,0.0,0.0,0.0,Benign
2.4,0,180.67448642455,0.0,0.0,0.0,0.0,0.0,0.0,0.0,0,0.0,0.0,0.0,0.0,0.0,0.0,0.0,0.0,0.7,0.0,0.0,Spoofing
24.0,6,313007.7611940298,0.0,1.0,0.0,0.0,0.0,0.0,0.0,0,0.0,0.0,0.0,0.0,0.0,0.0,0.0,0.0,0.0,0.0,0.0,Recon
30.68,6,16.677579470520858,0.0,0.0,0.0,0.47,0.95,0.0,0.0,0,0.0,0.0,0.0,0.0,0.0,0.0,0.0,0.0,0.0,0.0,0.0,Benign
28.24,6,16.869311645223465,0.0,0.0,0.0,0.44,0.87,0.0,0.0,0,0.0,0.01,0.0,0.0,0.0,0.0,0.0,0.01,0.08,0.0,0.0,Benign
8.0,17,28490.04211384323,0.0,0.0,0.0,0.0,0.0,0.0,0.0,0,0.0,0.0,0.0,0.0,0.0,0.0,0.0,0.0,0.0,0.0,0.0,DoS
20.0,6,inf,0.0,0.0,1.0,0.0,1.0,0.0,0.0,10,0.0,0.0,0.0,0.0,0.0,0.0,0.0,0.0,0.0,0.0,0.0,Recon
32.0,6,4169.288270377733,0.0,0.0,0.0,0.1,1.0,0.0,0.0,0,0.0,0.0,0.0,0.0,0.0,0.0,0.0,0.0,0.0,0.0,0.0,MQTT
25.92,6,20.00895614964374,0.0,0.0,0.0,0.4,0.81,0.0,0.0,0,0.0,0.02,0.0,0.0,0.0,0.0,0.0,0.0,0.16,0.0,0.0,Benign
32.0,6,17158.828342333498,0.0,0.0,0.0,0.85,1.0,0.0,0.0,0,0.0,0.0,0.0,0.0,0.0,0.0,0.0,0.0,0.0,0.0,0.0,MQTT
0.0,1,54407.88688545855,0.0,0.0,0.0,0.0,0.0,0.0,0.0,0,0.0,0.0,0.0,0.0,0.0,0.0,0.0,0.0,0.0,1.0,0.0,DDoS
32.12,6,26048.341820891816,0.17,0.27,0.17,0.22,0.78,0.0,0.0,17,0.0,0.0,0.0,0.0,0.0,0.0,0.0,0.0,0.0,0.0,0.0,MQTT
20.0,6,27685.17491749175,0.0,0.0,0.0,0.0,0.0,0.0,0.0,0,0.0,0.0,0.0,0.0,0.0,0.0,0.0,0.0,0.0,0.0,0.0,DoS
8.0,17,156.2252400569134,0.0,0.0,0.0,0.0,0.0,0.0,0.0,0,0.0,0.0,0.0,0.0,0.0,0.0,0.0,0.0,0.0,0.0,0.0,Spoofing
8.0,17,156.70560983355438,0.0,0.0,0.0,0.0,0.0,0.0,0.0,0,0.0,0.0,0.0,0.0,0.0,0.0,0.0,0.0,0.0,0.0,0.0,Spoofing
0.0,1,38168.20456820457,0.0,0.0,0.0,0.0,0.0,0.0,0.0,0,0.0,0.0,0.0,0.0,0.0,0.0,0.0,0.0,0.0,1.0,0.0,DoS
8.0,17,134.078715188093,0.0,0.0,0.0,0.0,0.0,0.0,0.0,0,0.0,0.0,0.0,0.0,0.0,0.0,0.0,0.0,0.0,0.0,0.0,Spoofing
32.0,6,13822.059647388369,0.0,0.0,0.0,0.85,1.0,0.0,0.0,0,0.0,0.0,0.0,0.0,0.0,0.0,0.0,0.0,0.0,0.0,0.0,MQTT
17.6,6,52.07708439129231,0.0,0.2,0.5,0.0,0.2,0.1,0.1,5,0.0,0.0,0.0,0.0,0.0,0.0,0.0,0.0,0.0,0.2,0.0,Recon
20.0,6,5058.253738543174,0.0,0.0,1.0,0.0,1.0,0.0,0.0,10,0.0,0.0,0.0,0.0,0.0,0.0,0.0,0.0,0.0,0.0,0.0,Recon
31.0,6,20.01576903037643,0.02,0.01,0.02,0.46,0.95,0.0,0.0,2,0.0,0.22,0.02,0.0,0.0,0.0,0.0,0.0,0.0,0.0,0.0,Benign
20.0,6,19425.26861800667,0.0,1.0,0.0,0.0,0.0,0.0,0.0,0,0.0,0.0,0.0,0.0,0.0,0.0,0.0,0.0,0.0,0.0,0.0,DoS
21.68,6,24415.297747249548,0.0,0.45,0.54,0.0,0.45,0.0,0.0,54,0.0,0.0,0.0,0.0,0.0,0.0,0.0,0.0,0.0,0.0,0.0,DoS
8.0,17,130582.31631382316,0.0,0.0,0.0,0.0,0.0,0.0,0.0,0,0.0,0.0,0.0,0.0,0.0,0.0,0.0,0.0,0.0,0.0,0.0,DDoS
20.0,6,6419.198041016223,0.0,0.0,1.0,0.0,1.0,0.0,0.0,10,0.0,0.0,0.0,0.0,0.0,0.0,0.0,0.0,0.0,0.0,0.0,Recon
8.0,17,77342.87294855247,0.0,0.0,0.0,0.0,0.0,0.0,0.0,0,0.0,0.0,0.0,0.0,0.0,0.0,0.0,0.0,0.0,0.0,0.0,DDoS
30.12,6,33.35085305680477,0.04,0.02,0.0,0.44,0.92,0.0,0.0,0,0.03,0.28,0.04,0.0,0.0,0.0,0.0,0.0,0.0,0.0,0.0,Benign
29.6,6,17.288000342932136,0.1,0.0,0.0,0.4,0.9,0.0,0.0,0,0.0,0.2,0.0,0.0,0.0,0.0,0.0,0.0,0.0,0.0,0.0,Spoofing
32.0,6,5099.457750759879,0.0,0.0,0.0,0.0,1.0,0.0,0.0,0,0.0,1.0,0.0,0.0,0.0,0.0,0.0,0.0,0.0,0.0,0.0,Spoofing
0.0,1,96888.5192885193,0.0,0.0,0.0,0.0,0.0,0.0,0.0,0,0.0,0.0,0.0,0.0,0.0,0.0,0.0,0.0,0.0,1.0,0.0,DDoS
30.76,6,22.28862269536855,0.01,0.01,0.02,0.47,0.94,0.0,0.0,2,0.0,0.25,0.02,0.0,0.0,0.0,0.0,0.0,0.0,0.0,0.0,Benign
8.0,17,8030.142441415224,0.0,0.0,0.0,0.0,0.0,0.0,0.0,0,0.0,0.0,0.0,0.0,0.0,0.0,0.0,0.0,0.0,0.0,0.0,DoS
8.0,17,9481.224286812245,0.0,0.0,0.0,0.0,0.0,0.0,0.0,0,0.0,0.0,0.0,0.0,0.0,0.0,0.0,0.0,0.0,0.0,0.0,DoS
30.56,6,16.64953669690465,0.0,0.0,0.0,0.46,0.94,0.0,0.0,0,0.0,0.02,0.0,0.0,0.0,0.0,0.0,0.0,0.0,0.0,0.0,Benign
7.6,17,234712.03133743705,0.0,0.0,0.0,0.0,0.0,0.0,0.0,0,0.0,0.0,0.0,0.0,0.0,0.0,0.0,0.0,0.0,0.05,0.0,DDoS
32.0,6,10.005663262506769,0.0,0.0,0.0,0.5,1.0,0.0,0.0,0,0.0,0.0,0.0,0.0,0.0,0.0,0.0,0.0,0.0,0.0,0.0,Spoofing
0.08,1,61581.32432829247,0.0,0.0,0.0,0.0,0.0,0.0,0.0,0,0.0,0.0,0.0,0.0,0.0,0.0,0.0,0.0,0.0,0.99,0.0,DDoS
32.0,6,13123.60450563204,0.0,0.0,0.0,0.5,1.0,0.0,0.0,0,0.0,0.0,0.0,0.0,0.0,0.0,0.0,0.0,0.0,0.0,0.0,Spoofing
20.0,6,20259.40201903106,0.0,0.0,0.0,0.0,0.0,0.0,0.0,0,0.0,0.0,0.0,0.0,0.0,0.0,0.0,0.0,0.0,0.0,0.0,DoS
20.0,6,27151.11341273952,0.0,0.0,0.0,0.0,0.0,0.0,0.0,0,0.0,0.0,0.0,0.0,0.0,0.0,0.0,0.0,0.0,0.0,0.0,DoS
8.0,17,51.51271082879836,0.0,0.0,0.0,0.0,0.0,0.0,0.0,0,0.0,0.0,0.0,0.0,0.0,0.0,0.0,0.0,0.0,0.0,0.0,Spoofing
32.0,6,2510.6572488926136,0.0,0.0,0.0,0.0,1.0,0.0,0.0,0,0.0,1.0,0.0,0.0,0.0,0.0,0.0,0.0,0.0,0.0,0.0,Spoofing
20.24,6,39843.29818561793,0.0,0.6,0.4,0.0,0.06,0.0,0.0,40,0.0,0.0,0.0,0.0,0.0,0.0,0.0,0.0,0.0,0.0,0.0,DDoS
34.0,6,20906.709201475427,0.21,0.25,0.0,0.24,1.0,0.0,0.0,0,0.0,0.0,0.0,0.0,0.0,0.0,0.0,0.0,0.0,0.0,0.0,MQTT
31.04,6,16.649312650357423,0.0,0.0,0.0,0.48,0.96,0.0,0.0,0,0.0,0.02,0.0,0.0,0.0,0.0,0.0,0.01,0.0,0.0,0.0,Benign
19.88,6,35087.03362891082,0.0,0.0,0.0,0.0,0.0,0.0,0.0,0,0.0,0.0,0.0,0.0,0.0,0.0,0.0,0.0,0.0,0.0,0.0,DDoS
20.0,6,69155.87798845836,0.0,0.0,0.0,0.0,0.0,0.0,0.0,0,0.0,0.0,0.0,0.0,0.0,0.0,0.0,0.0,0.0,0.0,0.0,DDoS
20.0,6,1092.039158508644,0.0,0.0,1.0,0.0,1.0,0.0,0.0,10,0.0,0.0,0.0,0.0,0.0,0.0,0.0,0.0,0.0,0.0,0.0,Recon
32.0,6,2910.4878218027893,0.0,0.0,0.0,0.0,1.0,0.0,0.0,0,0.0,1.0,0.0,0.0,0.0,0.0,0.0,0.0,0.0,0.0,0.0,Spoofing
24.0,6,371177.34513274336,0.0,1.0,0.0,0.0,0.0,0.0,0.0,0,0.0,0.0,0.0,0.0,0.0,0.0,0.0,0.0,0.0,0.0,0.0,Recon
22.0,6,10988.483101912496,0.0,0.5,0.5,0.0,0.5,0.0,0.0,5,0.0,0.0,0.0,0.0,0.0,0.0,0.0,0.0,0.0,0.0,0.0,Recon
8.0,17,183.6747169976572,0.0,0.0,0.0,0.0,0.0,0.0,0.0,0,0.0,0.0,0.0,0.0,0.0,0.0,0.0,0.0,0.0,0.0,0.0,Spoofing
22.4,6,173.92781316348194,0.0,0.0,0.0,0.3,0.6,0.0,0.0,0,0.0,0.0,0.0,0.0,0.0,0.0,0.0,0.0,0.0,0.0,0.0,Spoofing
8.24,17,28587.131952017447,0.0,0.0,0.0,0.0,0.01,0.0,0.0,0,0.0,0.01,0.0,0.0,0.0,0.0,0.0,0.0,0.0,0.0,0.0,DoS
20.0,6,10611.237888025906,0.0,0.0,0.0,0.0,0.0,0.0,0.0,0,0.0,0.0,0.0,0.0,0.0,0.0,0.0,0.0,0.0,0.0,0.0,DoS
20.0,6,4495.791797972002,0.0,0.0,0.0,0.0,0.0,0.0,0.0,0,0.0,0.0,0.0,0.0,0.0,0.0,0.0,0.0,0.0,0.0,0.0,DoS
31.28,6,50.13031263319008,0.0,0.0,0.0,0.47,0.98,0.0,0.0,0,0.0,0.03,0.0,0.0,0.0,0.0,0.0,0.0,0.0,0.0,0.0,Benign
20.0,6,129854.61300309598,0.0,0.0,1.0,0.0,1.0,0.0,0.0,10,0.0,0.0,0.0,0.0,0.0,0.0,0.0,0.0,0.0,0.0,0.0,Recon
20.0,6,inf,0.0,0.0,1.0,0.0,1.0,0.0,0.0,10,0.0,0.0,0.0,0.0,0.0,0.0,0.0,0.0,0.0,0.0,0.0,Recon
8.0,17,44945.39219888556,0.0,0.0,0.0,0.0,0.0,0.0,0.0,0,0.0,0.0,0.0,0.0,0.0,0.0,0.0,0.0,0.0,0.0,0.0,DDoS
8.0,17,31230.856291883843,0.0,0.0,0.0,0.0,0.0,0.0,0.0,0,0.0,0.0,0.0,0.0,0.0,0.0,0.0,0.0,0.0,0.0,0.0,DoS
20.0,6,3993.814511521615,0.0,0.0,1.0,0.0,1.0,0.0,0.0,10,0.0,0.0,0.0,0.0,0.0,0.0,0.0,0.0,0.0,0.0,0.0,Recon
32.0,6,3498.752085418752,0.0,0.0,0.0,0.0,1.0,0.0,0.0,0,0.0,1.0,0.0,0.0,0.0,0.0,0.0,0.0,0.0,0.0,0.0,Spoofing
8.0,17,13829.35144581094,0.0,0.0,0.0,0.0,0.0,0.0,0.0,0,0.0,0.0,0.0,0.0,0.0,0.0,0.0,0.0,0.0,0.0,0.0,DoS
28.76,6,24.558143543596856,0.0,0.0,0.0,0.37,0.92,0.0,0.0,0,0.0,0.0,0.0,0.0,0.0,0.0,0.0,0.01,0.03,0.0,0.0,Benign
20.0,6,21758.07438916844,0.0,1.0,0.0,0.0,0.0,0.0,0.0,0,0.0,0.0,0.0,0.0,0.0,0.0,0.0,0.0,0.0,0.0,0.0,DoS
8.0,17,258.5979752641898,0.0,0.0,0.0,0.0,0.0,0.0,0.0,0,0.0,0.0,0.0,0.0,0.0,0.0,0.0,0.0,0.0,0.0,0.0,Spoofing
31.76,6,100.12716708637932,0.0,0.0,0.0,0.52,1.0,0.0,0.0,0,0.0,0.02,0.0,0.0,0.0,0.0,0.0,0.0,0.0,0.0,0.0,Benign
32.0,6,1696.0936868155864,0.0,0.0,0.0,0.5,1.0,0.0,0.0,0,0.0,1.0,0.0,0.0,0.0,0.0,0.0,0.0,0.0,0.0,0.0,Benign
32.0,6,11134.335014600478,0.0,0.0,0.0,0.5,1.0,0.0,0.0,0,0.0,0.0,0.0,0.0,0.0,0.0,0.0,0.0,0.0,0.0,0.0,Spoofing
7.2,17,679.5366395022925,0.0,0.0,0.0,0.0,0.0,0.0,0.0,0,0.0,0.0,0.0,0.0,0.0,0.0,0.0,0.0,0.1,0.0,0.0,Spoofing
29.96,6,20.001924699976183,0.0,0.0,0.0,0.45,0.92,0.0,0.0,0,0.0,0.02,0.0,0.0,0.0,0.0,0.0,0.0,0.0,0.0,0.0,Benign
24.0,6,58416.49025069638,0.0,1.0,0.0,0.0,0.0,0.0,0.0,0,0.0,0.0,0.0,0.0,0.0,0.0,0.0,0.0,0.0,0.0,0.0,Recon
20.0,6,26940.098914509603,0.0,0.0,0.0,0.0,0.0,0.0,0.0,0,0.0,0.0,0.0,0.0,0.0,0.0,0.0,0.0,0.0,0.0,0.0,DoS
32.0,6,5597.256288783612,0.0,0.0,0.0,0.08,1.0,0.0,0.0,0,0.0,0.0,0.0,0.0,0.0,0.0,0.0,0.0,0.0,0.0,0.0,MQTT
8.0,17,32.30828839335302,0.0,0.0,0.0,0.0,0.0,0.0,0.0,0,0.0,0.0,0.0,0.0,0.0,0.0,0.0,0.0,0.0,0.0,0.0,Spoofing
32.0,6,7390.844052863436,0.0,0.0,0.0,0.0,1.0,0.0,0.0,0,0.0,1.0,0.0,0.0,0.0,0.0,0.0,0.0,0.0,0.0,0.0,MQTT
30.56,6,16.666764021488476,0.0,0.0,0.0,0.47,0.95,0.0,0.0,0,0.0,0.05,0.0,0.0,0.0,0.0,0.0,0.01,0.0,0.0,0.0,Benign
8.0,17,10128.47794064379,0.0,0.0,0.0,0.0,0.0,0.0,0.0,0,0.0,0.0,0.0,0.0,0.0,0.0,0.0,0.0,0.0,0.0,0.0,DoS
31.04,6,25.045118550244723,0.0,0.0,0.0,0.48,0.96,0.0,0.0,0,0.0,0.01,0.0,0.0,0.0,0.0,0.0,0.0,0.0,0.0,0.0,Benign
12.8,17,71.89635607543599,0.0,0.0,0.0,0.1,0.2,0.0,0.0,0,0.0,0.0,0.0,0.0,0.0,0.0,0.0,0.0,0.0,0.0,0.0,Spoofing
7.28,17,5130.270561182054,0.0,0.0,0.0,0.0,0.0,0.0,0.0,0,0.0,0.0,0.0,0.0,0.0,0.0,0.0,0.0,0.0,0.09,0.0,DoS
0.0,1,30666.84214374497,0.0,0.0,0.0,0.0,0.0,0.0,0.0,0,0.0,0.0,0.0,0.0,0.0,0.0,0.0,0.0,0.0,1.0,0.0,DDoS
8.0,17,80381.44883096972,0.0,0.0,0.0,0.0,0.0,0.0,0.0,0,0.0,0.0,0.0,0.0,0.0,0.0,0.0,0.0,0.0,0.0,0.0,DDoS
0.0,1,35386.01198008943,0.0,0.0,0.0,0.0,0.0,0.0,0.0,0,0.0,0.0,0.0,0.0,0.0,0.0,0.0,0.0,0.0,1.0,0.0,DoS
8.0,17,407.00060162633184,0.0,0.0,0.0,0.0,0.0,0.0,0.0,0,0.0,0.0,0.0,0.0,0.0,0.0,0.0,0.0,0.0,0.0,0.0,Spoofing
32.0,6,10998.568244394914,0.0,0.0,0.0,0.93,1.0,0.0,0.0,0,0.0,0.0,0.0,0.0,0.0,0.0,0.0,0.0,0.0,0.0,0.0,MQTT
18.8,6,18.313810642635424,0.0,0.0,0.0,0.2,0.6,0.0,0.0,0,0.0,0.2,0.1,0.0,0.0,0.0,0.0,0.0,0.3,0.0,0.0,Recon
8.0,17,226.40217209420325,0.0,0.0,0.0,0.0,0.0,0.0,0.0,0,0.0,0.0,0.0,0.0,0.0,0.0,0.0,0.0,0.0,0.0,0.0,Spoofing
8.0,17,25839.72400197141,0.0,0.0,0.0,0.0,0.0,0.0,0.0,0,0.0,0.0,0.0,0.0,0.0,0.0,0.0,0.0,0.0,0.0,0.0,DoS
20.24,6,38955.17785827064,0.0,1.0,0.0,0.0,0.06,0.0,0.0,0,0.0,0.0,0.0,0.0,0.0,0.0,0.0,0.0,0.0,0.0,0.0,DDoS
22.16,6,76107.85701324623,0.0,1.0,0.0,0.0,0.54,0.0,0.0,0,0.0,0.0,0.0,0.0,0.0,0.0,0.0,0.0,0.0,0.0,0.0,DDoS
8.0,17,29497.88311414305,0.0,0.0,0.0,0.0,0.0,0.0,0.0,0,0.0,0.0,0.0,0.0,0.0,0.0,0.0,0.0,0.0,0.0,0.0,DDoS
32.0,6,9049.19956850054,0.0,0.0,0.0,0.5,1.0,0.0,0.0,0,0.0,0.0,0.0,0.0,0.0,0.0,0.0,0.0,0.0,0.0,0.0,Spoofing
8.0,17,38.821230730784,0.0,0.0,0.0,0.0,0.0,0.0,0.0,0,0.0,0.0,0.0,0.0,0.0,0.0,0.0,0.0,0.0,0.0,0.0,Spoofing
20.0,6,208671.8407960199,0.0,0.0,1.0,0.0,1.0,0.0,0.0,10,0.0,0.0,0.0,0.0,0.0,0.0,0.0,0.0,0.0,0.0,0.0,Recon
29.6,6,10.015624100802317,0.0,0.0,0.0,0.5,0.9,0.0,0.0,0,0.0,0.2,0.1,0.0,0.0,0.0,0.0,0.0,0.0,0.0,0.0,Spoofing
32.0,6,4945.588321994128,0.0,0.0,0.0,0.93,1.0,0.0,0.0,0,0.0,0.0,0.0,0.0,0.0,0.0,0.0,0.0,0.0,0.0,0.0,MQTT
8.0,17,134.31486451001365,0.0,0.0,0.0,0.0,0.0,0.0,0.0,0,0.0,0.0,0.0,0.0,0.0,0.0,0.0,0.0,0.0,0.0,0.0,Spoofing
33.16,6,30738.761451080984,0.29,0.16,0.01,0.36,0.92,0.0,0.0,1,0.0,0.0,0.0,0.0,0.0,0.0,0.0,0.0,0.0,0.0,0.0,MQTT
11.6,17,56.38733165017114,0.0,0.0,0.0,0.0,0.1,0.0,0.0,0,0.0,0.1,0.0,0.0,0.0,0.0,0.0,0.0,0.0,0.0,0.0,Spoofing
8.0,17,50375.97886139803,0.0,0.0,0.0,0.0,0.0,0.0,0.0,0,0.0,0.0,0.0,0.0,0.0,0.0,0.0,0.0,0.0,0.0,0.0,DDoS
32.2,6,36605.899807994414,0.08,0.22,0.15,0.11,0.82,0.0,0.0,15,0.0,0.0,0.0,0.0,0.0,0.0,0.0,0.0,0.0,0.0,0.0,MQTT
8.0,17,87875.63377330819,0.0,0.0,0.0,0.0,0.0,0.0,0.0,0,0.0,0.0,0.0,0.0,0.0,0.0,0.0,0.0,0.0,0.0,0.0,DDoS
20.0,6,inf,0.0,0.0,1.0,0.0,1.0,0.0,0.0,10,0.0,0.0,0.0,0.0,0.0,0.0,0.0,0.0,0.0,0.0,0.0,Recon
20.4,6,2717.398121153223,0.0,0.1,0.9,0.0,0.9,0.0,0.0,9,0.0,0.0,0.0,0.0,0.0,0.0,0.0,0.0,0.0,0.0,0.0,Recon
32.0,6,136622.28013029316,0.0,0.0,0.0,0.6,1.0,0.0,0.0,0,0.0,0.0,0.0,0.0,0.0,0.0,0.0,0.0,0.0,0.0,0.0,Spoofing
29.88,6,19.982344015378715,0.02,0.02,0.0,0.43,0.9,0.0,0.0,0,0.09,0.0,0.04,0.0,0.0,0.0,0.0,0.0,0.0,0.0,0.0,Benign
28.76,6,20.179871704962984,0.0,0.0,0.0,0.36,0.89,0.0,0.0,0,0.0,0.01,0.0,0.0,0.0,0.0,0.0,0.01,0.06,0.0,0.0,Benign
29.2,6,26.843231212076045,0.01,0.04,0.02,0.44,0.9,0.0,0.0,2,0.0,0.35,0.0,0.0,0.0,0.0,0.0,0.0,0.02,0.0,0.0,Benign
20.0,6,14222.800949474398,0.0,1.0,0.0,0.0,0.0,0.0,0.0,0,0.0,0.0,0.0,0.0,0.0,0.0,0.0,0.0,0.0,0.0,0.0,DoS
29.56,6,24.9873761534526,0.0,0.0,0.0,0.52,0.92,0.0,0.0,0,0.0,0.03,0.0,0.0,0.0,0.0,0.0,0.0,0.02,0.0,0.0,Benign
24.0,6,25575.024390243903,0.0,1.0,0.0,0.0,0.0,0.0,0.0,0,0.0,0.0,0.0,0.0,0.0,0.0,0.0,0.0,0.0,0.0,0.0,Recon
8.0,17,159.33444512401277,0.0,0.0,0.0,0.0,0.0,0.0,0.0,0,0.0,0.0,0.2,0.0,0.0,0.0,0.0,0.0,0.0,0.0,0.0,Spoofing
0.0,1,33978.48347375243,0.0,0.0,0.0,0.0,0.0,0.0,0.0,0,0.0,0.0,0.0,0.0,0.0,0.0,0.0,0.0,0.0,1.0,0.0,DoS
32.0,6,20112.70739426489,0.0,0.0,0.0,0.58,1.0,0.0,0.0,0,0.0,0.0,0.0,0.0,0.0,0.0,0.0,0.0,0.0,0.0,0.0,Benign
32.0,6,5052.039218520392,0.0,0.0,0.0,0.35,1.0,0.0,0.0,0,0.0,0.0,0.0,0.0,0.0,0.0,0.0,0.0,0.0,0.0,0.0,MQTT
28.48,6,20.000339513820023,0.0,0.0,0.0,0.44,0.88,0.0,0.0,0,0.0,0.01,0.0,0.0,0.0,0.0,0.0,0.01,0.08,0.0,0.0,Benign
0.08,1,21663.674396983628,0.0,0.0,0.0,0.0,0.0,0.0,0.0,0,0.0,0.0,0.0,0.0,0.0,0.0,0.0,0.0,0.0,0.99,0.0,DDoS
20.76,6,36564.414610757565,0.0,0.99,0.0,0.0,0.22,0.0,0.0,0,0.0,0.0,0.0,0.0,0.0,0.0,0.0,0.0,0.0,0.0,0.0,DoS
24.0,6,202.4004478159322,0.0,1.0,0.0,0.0,0.0,0.0,0.0,0,0.0,0.0,0.0,0.0,0.0,0.0,0.0,0.0,0.0,0.0,0.0,Recon
32.92,6,46947.66062234162,0.15,0.28,0.11,0.26,0.69,0.0,0.0,11,0.0,0.0,0.0,0.0,0.0,0.0,0.0,0.0,0.0,0.0,0.0,MQTT
30.28,6,30581.87386073642,0.12,0.13,0.23,0.19,0.75,0.0,0.0,23,0.0,0.0,0.0,0.0,0.0,0.0,0.0,0.0,0.0,0.0,0.0,MQTT
20.0,6,98805.74793875148,0.0,0.78,0.22,0.0,0.0,0.0,0.0,22,0.0,0.0,0.0,0.0,0.0,0.0,0.0,0.0,0.0,0.0,0.0,DDoS
28.4,6,19.58845463385392,0.0,0.0,0.0,0.43,0.87,0.0,0.0,0,0.0,0.0,0.0,0.0,0.0,0.0,0.0,0.01,0.06,0.0,0.0,Benign
23.2,6,11.467560965873766,0.0,0.2,0.0,0.2,0.5,0.0,0.0,0,0.0,0.2,0.0,0.0,0.0,0.0,0.0,0.0,0.0,0.0,0.0,Spoofing
8.0,17,69777.14190650474,0.0,0.0,0.0,0.0,0.0,0.0,0.0,0,0.0,0.0,0.0,0.0,0.0,0.0,0.0,0.0,0.0,0.0,0.0,DDoS
29.84,6,31.25793175876021,0.0,0.03,0.0,0.43,0.88,0.0,0.0,0,0.0,0.12,0.05,0.0,0.0,0.0,0.0,0.0,0.0,0.0,0.0,Benign
0.0,1,26694.9083503055,0.0,0.0,0.0,0.0,0.0,0.0,0.0,0,0.0,0.0,0.0,0.0,0.0,0.0,0.0,0.0,0.0,1.0,0.0,DoS
0.0,1,25679.936325231127,0.0,0.0,0.0,0.0,0.0,0.0,0.0,0,0.0,0.0,0.0,0.0,0.0,0.0,0.0,0.0,0.0,1.0,0.0,DoS
20.0,6,41788.422835508616,0.0,0.99,0.0,0.0,0.01,0.0,0.0,0,0.0,0.01,0.0,0.0,0.0,0.0,0.0,0.0,0.0,0.0,0.0,DoS
8.0,17,72515.62932226833,0.0,0.0,0.0,0.0,0.0,0.0,0.0,0,0.0,0.0,0.0,0.0,0.0,0.0,0.0,0.0,0.0,0.0,0.0,DDoS
0.0,1,59561.26100539619,0.0,0.0,0.0,0.0,0.0,0.0,0.0,0,0.0,0.0,0.0,0.0,0.0,0.0,0.0,0.0,0.0,1.0,0.0,DDoS
32.84,6,95585.77939835915,0.21,0.21,0.07,0.26,0.89,0.0,0.0,7,0.0,0.0,0.0,0.0,0.0,0.0,0.0,0.0,0.0,0.0,0.0,MQTT
32.0,6,3650.967079263941,0.0,0.0,0.0,0.03,1.0,0.0,0.0,0,0.0,1.0,0.0,0.0,0.0,0.0,0.0,0.0,0.0,0.0,0.0,Benign
30.68,6,13583.4704320228,0.19,0.06,0.15,0.23,0.82,0.0,0.0,15,0.0,0.0,0.0,0.0,0.0,0.0,0.0,0.0,0.0,0.0,0.0,MQTT
30.12,6,7999.359182194419,0.0,0.02,0.17,0.38,0.83,0.0,0.0,17,0.0,0.0,0.0,0.0,0.0,0.0,0.0,0.0,0.0,0.0,0.0,MQTT
31.28,6,15977.083650769466,0.15,0.12,0.21,0.22,0.75,0.0,0.0,21,0.0,0.0,0.0,0.0,0.0,0.0,0.0,0.0,0.0,0.0,0.0,MQTT
32.0,6,505.5814850530376,0.0,0.0,0.0,0.3,1.0,0.0,0.0,0,0.0,0.4,0.0,0.0,0.0,0.0,0.0,0.0,0.0,0.0,0.0,Spoofing
20.36,6,25694.094584660623,0.0,0.58,0.42,0.0,0.09,0.0,0.0,42,0.0,0.0,0.0,0.0,0.0,0.0,0.0,0.0,0.0,0.0,0.0,DoS
31.04,6,16.66328710645869,0.0,0.0,0.0,0.47,0.96,0.0,0.0,0,0.0,0.01,0.0,0.0,0.0,0.0,0.0,0.0,0.0,0.0,0.0,Benign
8.0,17,59451.50956768249,0.0,0.0,0.0,0.0,0.0,0.0,0.0,0,0.0,0.0,0.0,0.0,0.0,0.0,0.0,0.0,0.0,0.0,0.0,DDoS
0.0,1,51781.53086419753,0.0,0.0,0.0,0.0,0.0,0.0,0.0,0,0.0,0.0,0.0,0.0,0.0,0.0,0.0,0.0,0.0,1.0,0.0,DDoS
8.12,17,73908.44052863437,0.0,0.0,0.0,0.0,0.01,0.0,0.0,0,0.0,0.01,0.0,0.0,0.0,0.0,0.0,0.0,0.0,0.0,0.0,DDoS
20.0,6,30797.444746310302,0.0,0.0,0.0,0.0,0.0,0.0,0.0,0,0.0,0.0,0.0,0.0,0.0,0.0,0.0,0.0,0.0,0.0,0.0,DoS
32.0,6,12971.806766870786,0.0,0.0,0.0,0.6,1.0,0.0,0.0,0,0.0,0.0,0.0,0.0,0.0,0.0,0.0,0.0,0.0,0.0,0.0,MQTT
32.0,6,6915.587798845837,0.0,0.0,0.0,0.2,1.0,0.0,0.0,0,0.0,1.0,0.0,0.0,0.0,0.0,0.0,0.0,0.0,0.0,0.0,Spoofing
30.24,6,41.507760567259325,0.02,0.02,0.02,0.44,0.91,0.0,0.0,2,0.0,0.29,0.04,0.0,0.0,0.0,0.0,0.0,0.0,0.0,0.0,Benign
30.76,6,74078.13493465207,0.23,0.19,0.23,0.24,0.63,0.0,0.0,23,0.0,0.0,0.0,0.0,0.0,0.0,0.0,0.0,0.0,0.0,0.0,MQTT
32.4,6,1892.8218782436031,0.2,0.2,0.1,0.3,0.8,0.0,0.0,1,0.0,0.0,0.0,0.0,0.0,0.0,0.0,0.0,0.0,0.0,0.0,MQTT
0.0,1,84239.88752761598,0.0,0.0,0.0,0.0,0.0,0.0,0.0,0,0.0,0.0,0.0,0.0,0.0,0.0,0.0,0.0,0.0,1.0,0.0,DDoS
20.0,6,24455.15713369483,0.0,1.0,0.0,0.0,0.0,0.0,0.0,0,0.0,0.0,0.0,0.0,0.0,0.0,0.0,0.0,0.0,0.0,0.0,DDoS
28.56,6,20.002440750402464,0.0,0.0,0.0,0.44,0.88,0.0,0.0,0,0.0,0.01,0.0,0.0,0.0,0.0,0.0,0.01,0.07,0.0,0.0,Benign
30.88,6,20.003243972432625,0.01,0.01,0.0,0.47,0.95,0.0,0.0,0,0.0,0.15,0.02,0.0,0.0,0.0,0.0,0.01,0.0,0.0,0.0,Benign
8.0,17,38328.64845106461,0.0,0.0,0.0,0.0,0.0,0.0,0.0,0,0.0,0.0,0.0,0.0,0.0,0.0,0.0,0.0,0.0,0.0,0.0,DDoS
30.68,6,16.664575468328437,0.0,0.0,0.0,0.48,0.95,0.0,0.0,0,0.0,0.02,0.0,0.0,0.0,0.0,0.0,0.01,0.0,0.0,0.0,Benign
31.52,6,33.37635711928008,0.0,0.0,0.0,0.44,0.98,0.0,0.0,0,0.0,0.0,0.0,0.0,0.0,0.0,0.0,0.0,0.0,0.0,0.0,Benign
20.0,6,62695.12705530642,0.0,0.0,0.0,0.0,0.0,0.0,0.0,0,0.0,0.0,0.0,0.0,0.0,0.0,0.0,0.0,0.0,0.0,0.0,DDoS
31.28,6,384.7854705849434,0.0,0.0,0.0,0.49,0.97,0.0,0.0,0,0.0,0.0,0.0,0.0,0.0,0.0,0.0,0.0,0.0,0.0,0.0,Benign
17.6,17,135.5160804637067,0.0,0.0,0.0,0.2,0.4,0.0,0.0,0,0.0,0.0,0.0,0.0,0.0,0.0,0.0,0.0,0.0,0.0,0.0,Spoofing
30.56,6,16.666722297854147,0.0,0.0,0.0,0.46,0.94,0.0,0.0,0,0.0,0.01,0.0,0.0,0.0,0.0,0.0,0.01,0.0,0.0,0.0,Benign
32.56,6,53621.88698542572,0.29,0.31,0.16,0.04,0.78,0.0,0.0,16,0.0,0.0,0.0,0.0,0.0,0.0,0.0,0.0,0.0,0.0,0.0,MQTT
32.0,6,6258.287078484034,0.0,0.0,0.0,0.0,1.0,0.0,0.0,0,0.0,1.0,0.0,0.0,0.0,0.0,0.0,0.0,0.0,0.0,0.0,Spoofing
24.0,6,38304.14611872146,0.0,1.0,0.0,0.0,0.0,0.0,0.0,0,0.0,0.0,0.0,0.0,0.0,0.0,0.0,0.0,0.0,0.0,0.0,Recon
20.0,6,11026.035751840169,0.0,0.0,1.0,0.0,1.0,0.0,0.0,10,0.0,0.0,0.0,0.0,0.0,0.0,0.0,0.0,0.0,0.0,0.0,Recon
8.0,17,20797.857886646503,0.0,0.0,0.0,0.0,0.0,0.0,0.0,0,0.0,0.0,0.0,0.0,0.0,0.0,0.0,0.0,0.0,0.0,0.0,DoS
8.0,17,222745.83112055232,0.0,0.0,0.0,0.0,0.0,0.0,0.0,0,0.0,0.0,0.0,0.0,0.0,0.0,0.0,0.0,0.0,0.0,0.0,DDoS
0.0,1,51470.16811878758,0.0,0.0,0.0,0.0,0.0,0.0,0.0,0,0.0,0.0,0.0,0.0,0.0,0.0,0.0,0.0,0.0,1.0,0.0,DoS
34.8,6,15913.434761164017,0.14,0.35,0.0,0.34,1.0,0.0,0.0,0,0.0,0.0,0.0,0.0,0.0,0.0,0.0,0.0,0.0,0.0,0.0,MQTT
32.0,6,13193.784208870717,0.0,0.0,0.0,0.5,1.0,0.0,0.0,0,0.0,0.0,0.0,0.0,0.0,0.0,0.0,0.0,0.0,0.0,0.0,Spoofing
32.2,6,75018.85172598819,0.19,0.31,0.19,0.14,0.74,0.0,0.0,19,0.0,0.0,0.0,0.0,0.0,0.0,0.0,0.0,0.0,0.0,0.0,MQTT
8.0,17,156.19091596316338,0.0,0.0,0.0,0.0,0.0,0.0,0.0,0,0.0,0.0,0.0,0.0,0.0,0.0,0.0,0.0,0.0,0.0,0.0,Spoofing
0.0,1,21729.89327530826,0.0,0.0,0.0,0.0,0.0,0.0,0.0,0,0.0,0.0,0.0,0.0,0.0,0.0,0.0,0.0,0.0,1.0,0.0,DDoS
32.0,6,7745.713758079409,0.0,0.0,0.0,0.5,1.0,0.0,0.0,0,0.0,0.0,0.0,0.0,0.0,0.0,0.0,0.0,0.0,0.0,0.0,Spoofing
32.0,6,5556.105444429726,0.0,0.0,0.0,0.5,1.0,0.0,0.0,0,0.0,0.0,0.0,0.0,0.0,0.0,0.0,0.0,0.0,0.0,0.0,Spoofing
8.0,17,28960.187806393704,0.0,0.0,0.0,0.0,0.0,0.0,0.0,0,0.0,0.0,0.0,0.0,0.0,0.0,0.0,0.0,0.0,0.0,0.0,DoS
8.0,17,35237.368730572125,0.0,0.0,0.0,0.0,0.0,0.0,0.0,0,0.0,0.0,0.0,0.0,0.0,0.0,0.0,0.0,0.0,0.0,0.0,DDoS
8.0,17,465.6560789581784,0.0,0.0,0.0,0.0,0.0,0.0,0.0,0,0.0,0.0,0.0,0.0,0.0,0.0,0.0,0.0,0.0,0.0,0.0,Spoofing
8.0,17,110872.42928892412,0.0,0.0,0.0,0.0,0.0,0.0,0.0,0,0.0,0.0,0.0,0.0,0.0,0.0,0.0,0.0,0.0,0.0,0.0,DDoS
24.0,6,590747.0422535212,0.0,1.0,0.0,0.0,0.0,0.0,0.0,0,0.0,0.0,0.0,0.0,0.0,0.0,0.0,0.0,0.0,0.0,0.0,Recon
20.0,6,29595.709850409257,0.0,1.0,0.0,0.0,0.0,0.0,0.0,0,0.0,0.0,0.0,0.0,0.0,0.0,0.0,0.0,0.0,0.0,0.0,DDoS
0.0,1,117356.01566871852,0.0,0.0,0.0,0.0,0.0,0.0,0.0,0,0.0,0.0,0.0,0.0,0.0,0.0,0.0,0.0,0.0,1.0,0.0,DDoS
35.04,6,22276.94922455917,0.16,0.38,0.04,0.25,0.97,0.0,0.0,4,0.0,0.0,0.0,0.0,0.0,0.0,0.0,0.0,0.0,0.0,0.0,MQTT
20.0,6,70279.8927613941,0.0,0.0,0.0,0.0,0.0,0.0,0.0,0,0.0,0.0,0.0,0.0,0.0,0.0,0.0,0.0,0.0,0.0,0.0,DDoS
31.76,6,99.57312954845172,0.0,0.0,0.0,0.6,0.99,0.0,0.0,0,0.0,0.0,0.0,0.0,0.0,0.0,0.0,0.0,0.0,0.0,0.0,Benign
35.28,6,23005.17770952172,0.07,0.41,0.0,0.12,1.0,0.0,0.0,0,0.0,0.0,0.0,0.0,0.0,0.0,0.0,0.0,0.0,0.0,0.0,MQTT
24.0,6,8824.540290342942,0.0,1.0,0.0,0.0,0.0,0.0,0.0,0,0.0,0.0,0.0,0.0,0.0,0.0,0.0,0.0,0.0,0.0,0.0,Recon
12.8,17,157.21251012024348,0.0,0.0,0.0,0.1,0.2,0.0,0.0,0,0.0,0.2,0.0,0.0,0.0,0.0,0.0,0.0,0.0,0.0,0.0,Spoofing
20.0,6,32373.448595245445,0.0,1.0,0.0,0.0,0.0,0.0,0.0,0,0.0,0.0,0.0,0.0,0.0,0.0,0.0,0.0,0.0,0.0,0.0,DDoS
20.0,6,69453.61814870012,0.0,0.0,0.0,0.0,0.0,0.0,0.0,0,0.0,0.0,0.0,0.0,0.0,0.0,0.0,0.0,0.0,0.0,0.0,DDoS
21.8,6,47238.47280099111,0.0,0.58,0.42,0.0,0.45,0.0,0.0,42,0.0,0.0,0.0,0.0,0.0,0.0,0.0,0.0,0.0,0.0,0.0,DDoS
8.0,17,83.0103211122656,0.0,0.0,0.0,0.0,0.0,0.0,0.0,0,0.0,0.0,0.0,0.0,0.0,0.0,0.0,0.0,0.0,0.0,0.0,Spoofing
0.0,1,98020.65903248424,0.0,0.0,0.0,0.0,0.0,0.0,0.0,0,0.0,0.0,0.0,0.0,0.0,0.0,0.0,0.0,0.0,1.0,0.0,DDoS
23.6,6,2513.2146923123014,0.0,0.9,0.1,0.0,0.1,0.0,0.0,1,0.0,0.0,0.0,0.0,0.0,0.0,0.0,0.0,0.0,0.0,0.0,Recon
32.0,6,7730.865926936262,0.0,0.0,0.0,0.54,1.0,0.0,0.0,0,0.0,0.0,0.0,0.0,0.0,0.0,0.0,0.0,0.0,0.0,0.0,MQTT
24.0,6,665762.5396825396,0.0,1.0,0.0,0.0,0.0,0.0,0.0,0,0.0,0.0,0.0,0.0,0.0,0.0,0.0,0.0,0.0,0.0,0.0,Recon
24.0,6,94254.02247191012,0.0,1.0,0.0,0.0,0.0,0.0,0.0,0,0.0,0.0,0.0,0.0,0.0,0.0,0.0,0.0,0.0,0.0,0.0,Recon
24.0,6,432402.4742268041,0.0,1.0,0.0,0.0,0.0,0.0,0.0,0,0.0,0.0,0.0,0.0,0.0,0.0,0.0,0.0,0.0,0.0,0.0,Recon
26.88,6,22.350514325646625,0.0,0.0,0.0,0.39,0.81,0.0,0.0,0,0.0,0.02,0.0,0.0,0.0,0.0,0.0,0.0,0.01,0.0,0.0,Benign
32.04,6,147479.04360056258,0.19,0.2,0.13,0.24,0.78,0.0,0.0,13,0.0,0.0,0.0,0.0,0.0,0.0,0.0,0.0,0.0,0.0,0.0,MQTT
32.52,6,52765.17800981255,0.22,0.2,0.09,0.23,0.89,0.0,0.0,9,0.0,0.0,0.0,0.0,0.0,0.0,0.0,0.0,0.0,0.0,0.0,MQTT
29.6,6,10.007405993510211,0.0,0.0,0.0,0.4,0.9,0.0,0.0,0,0.0,0.1,0.0,0.0,0.0,0.0,0.0,0.1,0.0,0.0,0.0,Spoofing
27.4,6,43722.54769102471,0.07,0.16,0.5,0.11,0.41,0.0,0.0,50,0.0,0.0,0.0,0.0,0.0,0.0,0.0,0.0,0.0,0.0,0.0,MQTT
30.64,6,21.551022689927617,0.0,0.01,0.0,0.48,0.94,0.0,0.0,0,0.0,0.14,0.02,0.0,0.0,0.0,0.0,0.01,0.0,0.0,0.0,Benign
0.0,1,33169.66389877422,0.0,0.0,0.0,0.0,0.0,0.0,0.0,0,0.0,0.0,0.0,0.0,0.0,0.0,0.0,0.0,0.0,1.0,0.0,DDoS
20.0,6,39372.0454332113,0.0,0.0,0.0,0.0,0.0,0.0,0.0,0,0.0,0.0,0.0,0.0,0.0,0.0,0.0,0.0,0.0,0.0,0.0,DDoS
29.84,6,20.77481779269344,0.0,0.0,0.0,0.48,0.96,0.0,0.0,0,0.0,0.01,0.0,0.0,0.0,0.0,0.0,0.0,0.0,0.0,0.0,Benign
30.92,6,16.662556946636528,0.0,0.0,0.0,0.48,0.97,0.0,0.0,0,0.0,0.05,0.0,0.0,0.0,0.0,0.0,0.0,0.0,0.0,0.0,Benign
22.0,6,10727.12020460358,0.0,0.5,0.5,0.0,0.5,0.0,0.0,5,0.0,0.0,0.0,0.0,0.0,0.0,0.0,0.0,0.0,0.0,0.0,Recon
30.12,6,16.666208385777356,0.0,0.0,0.0,0.47,0.93,0.0,0.0,0,0.0,0.0,0.0,0.0,0.0,0.0,0.0,0.01,0.01,0.0,0.0,Benign
19.88,6,46402.30113950658,0.0,0.0,0.0,0.0,0.0,0.0,0.0,0,0.0,0.0,0.0,0.0,0.0,0.0,0.0,0.0,0.0,0.0,0.0,DDoS
20.0,6,13825.704585160036,0.0,0.0,0.0,0.0,0.0,0.0,0.0,0,0.0,0.0,0.0,0.0,0.0,0.0,0.0,0.0,0.0,0.0,0.0,DoS
32.0,6,4947.571807726335,0.0,0.0,0.0,0.62,1.0,0.0,0.0,0,0.0,0.0,0.0,0.0,0.0,0.0,0.0,0.0,0.0,0.0,0.0,MQTT
32.0,6,13422.6318484383,0.0,0.0,0.0,0.37,1.0,0.0,0.0,0,0.0,0.0,0.0,0.0,0.0,0.0,0.0,0.0,0.0,0.0,0.0,MQTT
31.64,6,50.0627768456506,0.0,0.0,0.0,0.43,0.99,0.0,0.0,0,0.0,0.02,0.0,0.0,0.0,0.0,0.0,0.0,0.0,0.0,0.0,Benign
32.0,6,3913.692264626295,0.0,0.0,0.0,0.0,1.0,0.0,0.0,0,0.0,1.0,0.0,0.0,0.0,0.0,0.0,0.0,0.0,0.0,0.0,Spoofing
31.52,6,19.997867811564127,0.0,0.0,0.0,0.49,0.98,0.0,0.0,0,0.0,0.01,0.0,0.0,0.0,0.0,0.0,0.0,0.0,0.0,0.0,Benign
31.16,6,8136.6958950880735,0.0,0.0,0.07,0.48,0.93,0.0,0.0,7,0.0,0.0,0.0,0.0,0.0,0.0,0.0,0.0,0.0,0.0,0.0,MQTT
20.0,6,4614.703487732424,0.0,0.0,1.0,0.0,1.0,0.0,0.0,10,0.0,0.0,0.0,0.0,0.0,0.0,0.0,0.0,0.0,0.0,0.0,Recon
29.8,6,61735.4136002355,0.16,0.13,0.27,0.13,0.72,0.0,0.0,27,0.0,0.0,0.0,0.0,0.0,0.0,0.0,0.0,0.0,0.0,0.0,MQTT
32.0,6,13943.829787234044,0.0,0.0,0.0,0.5,1.0,0.0,0.0,0,0.0,0.0,0.0,0.0,0.0,0.0,0.0,0.0,0.0,0.0,0.0,Spoofing
20.0,6,31517.16260895702,0.0,0.0,0.0,0.0,0.0,0.0,0.0,0,0.0,0.0,0.0,0.0,0.0,0.0,0.0,0.0,0.0,0.0,0.0,DoS
20.0,6,inf,0.0,0.0,1.0,0.0,1.0,0.0,0.0,10,0.0,0.0,0.0,0.0,0.0,0.0,0.0,0.0,0.0,0.0,0.0,Recon
32.0,6,76959.70642201835,0.0,0.0,0.0,0.6,1.0,0.0,0.0,0,0.0,0.0,0.0,0.0,0.0,0.0,0.0,0.0,0.0,0.0,0.0,Spoofing
33.92,6,24721.82011080985,0.15,0.24,0.0,0.3,0.8,0.0,0.0,0,0.0,0.0,0.0,0.0,0.0,0.0,0.0,0.0,0.0,0.0,0.0,MQTT
30.0,6,58.594313382814974,0.0,0.1,0.1,0.4,0.9,0.0,0.0,1,0.0,0.0,0.0,0.0,0.0,0.0,0.0,0.0,0.0,0.0,0.0,Recon
32.0,6,8466.670703889864,0.0,0.0,0.0,0.65,1.0,0.0,0.0,0,0.0,0.0,0.0,0.0,0.0,0.0,0.0,0.0,0.0,0.0,0.0,MQTT
0.0,1,17556.000167427064,0.0,0.0,0.0,0.0,0.0,0.0,0.0,0,0.0,0.0,0.0,0.0,0.0,0.0,0.0,0.0,0.0,1.0,0.0,DDoS
30.64,6,23.15494954171263,0.0,0.01,0.0,0.48,0.94,0.0,0.0,0,0.0,0.13,0.02,0.0,0.0,0.0,0.0,0.01,0.0,0.0,0.0,Benign
32.92,6,97383.42233573252,0.12,0.22,0.09,0.37,0.85,0.0,0.0,9,0.0,0.0,0.0,0.0,0.0,0.0,0.0,0.0,0.0,0.0,0.0,MQTT
32.0,6,2550.969468434497,0.0,0.0,0.0,0.0,1.0,0.0,0.0,0,0.0,1.0,0.0,0.0,0.0,0.0,0.0,0.0,0.0,0.0,0.0,Spoofing
8.0,17,63859.68331303289,0.0,0.0,0.0,0.0,0.0,0.0,0.0,0,0.0,0.0,0.0,0.0,0.0,0.0,0.0,0.0,0.0,0.0,0.0,DDoS
20.0,6,9124.002610398084,0.0,0.0,1.0,0.0,1.0,0.0,0.0,10,0.0,0.0,0.0,0.0,0.0,0.0,0.0,0.0,0.0,0.0,0.0,Recon
8.0,17,27226.90035702693,0.0,0.0,0.0,0.0,0.0,0.0,0.0,0,0.0,0.0,0.0,0.0,0.0,0.0,0.0,0.0,0.0,0.0,0.0,DoS
29.24,6,24.99297756575078,0.01,0.01,0.0,0.45,0.91,0.0,0.0,0,0.0,0.17,0.02,0.0,0.0,0.0,0.0,0.0,0.04,0.0,0.0,Benign
30.28,6,20.005324827346147,0.0,0.0,0.0,0.48,0.95,0.0,0.0,0,0.0,0.02,0.0,0.0,0.0,0.0,0.0,0.0,0.02,0.0,0.0,Benign
28.96,6,17854.180146432827,0.25,0.1,0.32,0.1,0.64,0.0,0.0,32,0.0,0.0,0.0,0.0,0.0,0.0,0.0,0.0,0.0,0.0,0.0,MQTT
0.0,1,92081.317233809,0.0,0.0,0.0,0.0,0.0,0.0,0.0,0,0.0,0.0,0.0,0.0,0.0,0.0,0.0,0.0,0.0,1.0,0.0,DDoS
24.0,6,295373.5211267606,0.0,1.0,0.0,0.0,0.0,0.0,0.0,0,0.0,0.0,0.0,0.0,0.0,0.0,0.0,0.0,0.0,0.0,0.0,Recon
33.68,6,37439.11452289565,0.01,0.24,0.06,0.09,0.93,0.0,0.0,6,0.0,0.01,0.0,0.0,0.0,0.0,0.0,0.0,0.0,0.0,0.0,MQTT
20.0,6,31837.74100500987,0.0,0.0,0.0,0.0,0.0,0.0,0.0,0,0.0,0.0,0.0,0.0,0.0,0.0,0.0,0.0,0.0,0.0,0.0,DoS
7.68,17,71077.85121165904,0.0,0.0,0.0,0.0,0.0,0.0,0.0,0,0.0,0.0,0.0,0.0,0.0,0.0,0.0,0.0,0.0,0.04,0.0,DDoS
8.0,17,44.646235628605154,0.0,0.0,0.0,0.0,0.0,0.0,0.0,0,0.0,0.0,0.0,0.0,0.0,0.0,0.0,0.0,0.0,0.0,0.0,Spoofing
29.84,6,831.6767760088356,0.0,0.0,0.0,0.08,0.91,0.0,0.0,0,0.0,0.77,0.0,0.0,0.0,0.0,0.0,0.0,0.0,0.0,0.0,Benign
8.0,17,504.9971103833558,0.0,0.0,0.0,0.0,0.0,0.0,0.0,0,0.0,0.0,0.0,0.0,0.0,0.0,0.0,0.0,0.0,0.0,0.0,Spoofing
31.88,6,111.34666069179652,0.0,0.0,0.0,0.09,1.0,0.0,0.0,0,0.0,0.64,0.0,0.0,0.0,0.0,0.0,0.0,0.0,0.0,0.0,Benign
29.6,6,9.990348603119887,0.0,0.0,0.0,0.5,0.9,0.0,0.0,0,0.0,0.0,0.0,0.0,0.0,0.0,0.0,0.1,0.0,0.0,0.0,Spoofing
0.0,1,69975.04170837504,0.0,0.0,0.0,0.0,0.0,0.0,0.0,0,0.0,0.0,0.0,0.0,0.0,0.0,0.0,0.0,0.0,1.0,0.0,DDoS
8.0,17,129.81120863612168,0.0,0.0,0.0,0.0,0.0,0.0,0.0,0,0.0,0.0,0.0,0.0,0.0,0.0,0.0,0.0,0.0,0.0,0.0,Spoofing
35.08,6,19007.99419922052,0.15,0.43,0.03,0.19,0.6,0.0,0.0,3,0.0,0.0,0.0,0.0,0.0,0.0,0.0,0.0,0.0,0.0,0.0,MQTT
20.0,6,9705.891609200722,0.0,1.0,0.0,0.0,0.0,0.0,0.0,0,0.0,0.0,0.0,0.0,0.0,0.0,0.0,0.0,0.0,0.0,0.0,DoS
19.88,6,1790.991037153752,0.0,0.99,0.0,0.0,0.0,0.0,0.0,0,0.0,0.0,0.01,0.0,0.0,0.0,0.0,0.0,0.0,0.0,0.0,DDoS
8.0,17,33956.47668393782,0.0,0.0,0.0,0.0,0.0,0.0,0.0,0,0.0,0.0,0.0,0.0,0.0,0.0,0.0,0.0,0.0,0.0,0.0,DoS
8.0,17,11280.165667105935,0.0,0.0,0.0,0.0,0.0,0.0,0.0,0,0.0,0.0,0.0,0.0,0.0,0.0,0.0,0.0,0.0,0.0,0.0,DoS
8.0,17,152.8302519293694,0.0,0.0,0.0,0.0,0.0,0.0,0.0,0,0.0,0.0,0.0,0.0,0.0,0.0,0.0,0.0,0.0,0.0,0.0,Spoofing
24.0,6,226.0142151236414,0.0,1.0,0.0,0.0,0.0,0.0,0.0,0,0.0,0.0,0.0,0.0,0.0,0.0,0.0,0.0,0.0,0.0,0.0,Recon
8.0,17,35702.281239359894,0.0,0.0,0.0,0.0,0.0,0.0,0.0,0,0.0,0.0,0.0,0.0,0.0,0.0,0.0,0.0,0.0,0.0,0.0,DoS
29.96,6,18.85520601977828,0.0,0.0,0.0,0.45,0.92,0.0,0.0,0,0.0,0.01,0.0,0.0,0.0,0.0,0.0,0.01,0.0,0.0,0.0,Benign
29.88,6,79.0044726400443,0.0,0.0,0.0,0.38,0.93,0.0,0.0,0,0.0,0.0,0.0,0.0,0.0,0.0,0.0,0.0,0.01,0.0,0.0,Benign
20.0,6,49090.636704119854,0.0,0.0,0.0,0.0,0.0,0.0,0.0,0,0.0,0.0,0.0,0.0,0.0,0.0,0.0,0.0,0.0,0.0,0.0,DoS
30.8,6,16.666585869650994,0.0,0.0,0.0,0.47,0.96,0.0,0.0,0,0.0,0.02,0.0,0.0,0.0,0.0,0.0,0.0,0.0,0.0,0.0,Benign
8.0,17,84596.69221460266,0.0,0.0,0.0,0.0,0.0,0.0,0.0,0,0.0,0.0,0.0,0.0,0.0,0.0,0.0,0.0,0.0,0.0,0.0,DDoS
0.0,1,109769.79848207276,0.0,0.0,0.0,0.0,0.0,0.0,0.0,0,0.0,0.0,0.0,0.0,0.0,0.0,0.0,0.0,0.0,1.0,0.0,DDoS
17.12,17,71.64016764702166,0.0,0.0,0.0,0.19,0.39,0.0,0.0,0,0.0,0.0,0.0,0.0,0.0,0.0,0.0,0.0,0.0,0.0,0.0,Benign
22.4,6,1970.4519402424128,0.0,0.9,0.0,0.0,0.0,0.0,0.0,0,0.0,0.0,0.0,0.0,0.0,0.0,0.0,0.0,0.0,0.0,0.0,Recon
31.52,6,25.007008490200096,0.0,0.0,0.0,0.46,0.98,0.0,0.0,0,0.0,0.01,0.0,0.0,0.0,0.0,0.0,0.0,0.0,0.0,0.0,Benign
8.0,17,64025.40070218287,0.0,0.0,0.0,0.0,0.0,0.0,0.0,0,0.0,0.0,0.0,0.0,0.0,0.0,0.0,0.0,0.0,0.0,0.0,DDoS
31.28,6,24.99943674879724,0.0,0.0,0.0,0.5,0.97,0.0,0.0,0,0.0,0.01,0.0,0.0,0.0,0.0,0.0,0.0,0.0,0.0,0.0,Benign
28.28,6,20.16824308001471,0.0,0.0,0.0,0.39,0.87,0.0,0.0,0,0.0,0.03,0.0,0.0,0.0,0.0,0.0,0.0,0.06,0.0,0.0,Benign
17.2,17,49.96744726904329,0.0,0.0,0.0,0.21,0.42,0.0,0.0,0,0.0,0.07,0.0,0.0,0.0,0.0,0.0,0.0,0.02,0.0,0.0,Benign
32.0,6,8347.37198240691,0.0,0.0,0.0,0.14,1.0,0.0,0.0,0,1.0,0.0,0.0,0.0,0.0,0.0,0.0,0.0,0.0,0.0,0.0,Benign
34.28,6,47505.99161852984,0.26,0.24,0.01,0.28,0.79,0.0,0.0,1,0.0,0.0,0.0,0.0,0.0,0.0,0.0,0.0,0.0,0.0,0.0,MQTT
32.0,6,4811.140297548722,0.0,0.0,0.0,0.55,1.0,0.0,0.0,0,0.0,0.0,0.0,0.0,0.0,0.0,0.0,0.0,0.0,0.0,0.0,MQTT
0.0,1,85094.42077500507,0.0,0.0,0.0,0.0,0.0,0.0,0.0,0,0.0,0.0,0.0,0.0,0.0,0.0,0.0,0.0,0.0,1.0,0.0,DoS
28.68,6,24.996531490963044,0.0,0.0,0.0,0.45,0.9,0.0,0.0,0,0.0,0.07,0.02,0.0,0.0,0.0,0.0,0.01,0.0,0.0,0.04,Benign
35.28,6,41771.77571954985,0.19,0.41,0.0,0.23,1.0,0.0,0.0,0,0.0,0.0,0.0,0.0,0.0,0.0,0.0,0.0,0.0,0.0,0.0,MQTT
8.0,17,19841.544065471404,0.0,0.0,0.0,0.0,0.0,0.0,0.0,0,0.0,0.0,0.0,0.0,0.0,0.0,0.0,0.0,0.0,0.0,0.0,DoS
32.0,6,660.634755626959,0.0,0.0,0.0,0.1,1.0,0.0,0.0,0,0.0,1.0,0.0,0.0,0.0,0.0,0.0,0.0,0.0,0.0,0.0,Spoofing
31.76,6,99.322129421989,0.0,0.0,0.0,0.6,0.99,0.0,0.0,0,0.0,0.0,0.0,0.0,0.0,0.0,0.0,0.0,0.0,0.0,0.0,Benign
33.48,6,7427.753772047886,0.0,0.05,0.0,0.53,0.98,0.0,0.0,0,0.0,0.0,0.0,0.0,0.0,0.0,0.0,0.0,0.0,0.0,0.0,MQTT
20.8,6,87746.94560669456,0.0,0.2,0.8,0.0,0.8,0.0,0.0,8,0.0,0.0,0.0,0.0,0.0,0.0,0.0,0.0,0.0,0.0,0.0,Recon
31.16,6,25.002218979839142,0.0,0.0,0.0,0.49,1.0,0.0,0.0,0,0.0,0.07,0.0,0.0,0.0,0.0,0.0,0.0,0.0,0.0,0.0,Benign
32.0,6,2366.85514361492,0.0,0.0,0.0,0.0,1.0,0.0,0.0,0,0.0,1.0,0.0,0.0,0.0,0.0,0.0,0.0,0.0,0.0,0.0,Spoofing
8.0,17,223220.0106439596,0.0,0.0,0.0,0.0,0.0,0.0,0.0,0,0.0,0.0,0.0,0.0,0.0,0.0,0.0,0.0,0.0,0.0,0.0,DDoS
30.24,6,26.20089180271996,0.01,0.02,0.02,0.44,0.91,0.0,0.0,2,0.0,0.22,0.04,0.0,0.0,0.0,0.0,0.0,0.0,0.0,0.0,Benign
8.0,17,28144.024693014828,0.0,0.0,0.0,0.0,0.0,0.0,0.0,0,0.0,0.0,0.0,0.0,0.0,0.0,0.0,0.0,0.0,0.0,0.0,DoS
24.0,6,295373.5211267606,0.0,1.0,0.0,0.0,0.0,0.0,0.0,0,0.0,0.0,0.0,0.0,0.0,0.0,0.0,0.0,0.0,0.0,0.0,Recon
24.0,6,41817.587238285145,0.0,1.0,0.0,0.0,0.0,0.0,0.0,0,0.0,0.0,0.0,0.0,0.0,0.0,0.0,0.0,0.0,0.0,0.0,Recon
29.32,6,39446.10175867582,0.21,0.1,0.29,0.22,0.67,0.0,0.0,29,0.0,0.0,0.0,0.0,0.0,0.0,0.0,0.0,0.0,0.0,0.0,MQTT
8.0,17,59350.55893589925,0.0,0.0,0.0,0.0,0.0,0.0,0.0,0,0.0,0.0,0.0,0.0,0.0,0.0,0.0,0.0,0.0,0.0,0.0,DDoS
8.0,17,431.25542371835735,0.0,0.0,0.0,0.0,0.0,0.0,0.0,0,0.0,0.0,0.0,0.0,0.0,0.0,0.0,0.0,0.0,0.0,0.0,Spoofing
22.0,6,123.344106290564,0.0,0.5,0.5,0.0,0.5,0.0,0.0,5,0.0,0.0,0.0,0.1,0.1,0.1,0.0,0.0,0.0,0.0,0.0,Recon
20.0,6,15936.41095786314,0.0,1.0,0.0,0.0,0.0,0.0,0.0,0,0.0,0.0,0.0,0.0,0.0,0.0,0.0,0.0,0.0,0.0,0.0,DoS
20.48,6,97655.50640279397,0.0,0.78,0.22,0.0,0.12,0.0,0.0,22,0.0,0.0,0.0,0.0,0.0,0.0,0.0,0.0,0.0,0.0,0.0,DDoS
8.0,17,157.10651304256626,0.0,0.0,0.0,0.0,0.0,0.0,0.0,0,0.0,0.0,0.1,0.0,0.0,0.0,0.0,0.0,0.0,0.0,0.0,Spoofing
8.0,17,34926.33857939878,0.0,0.0,0.0,0.0,0.0,0.0,0.0,0,0.0,0.0,0.0,0.0,0.0,0.0,0.0,0.0,0.0,0.0,0.0,DoS
32.0,6,3308.071614480637,0.0,0.0,0.0,0.0,1.0,0.0,0.0,0,0.0,1.0,0.0,0.0,0.0,0.0,0.0,0.0,0.0,0.0,0.0,Spoofing
20.0,6,5440.788688545856,0.0,0.0,1.0,0.0,1.0,0.0,0.0,10,0.0,0.0,0.0,0.0,0.0,0.0,0.0,0.0,0.0,0.0,0.0,Recon
32.0,6,4125.409658699715,0.0,0.0,0.0,0.97,1.0,0.0,0.0,0,0.0,0.0,0.0,0.0,0.0,0.0,0.0,0.0,0.0,0.0,0.0,MQTT
31.04,6,16.67367249381342,0.0,0.0,0.0,0.48,0.96,0.0,0.0,0,0.0,0.02,0.0,0.0,0.0,0.0,0.0,0.0,0.0,0.0,0.0,Benign
33.32,6,46837.56560580681,0.23,0.24,0.07,0.2,0.9,0.0,0.0,7,0.0,0.0,0.0,0.0,0.0,0.0,0.0,0.0,0.0,0.0,0.0,MQTT
8.0,17,408.9490362021392,0.0,0.0,0.0,0.0,0.0,0.0,0.0,0,0.0,0.0,0.0,0.0,0.0,0.0,0.0,0.0,0.0,0.0,0.0,Spoofing
31.04,6,16.664055730035166,0.0,0.0,0.0,0.48,0.96,0.0,0.0,0,0.0,0.0,0.0,0.0,0.0,0.0,0.0,0.0,0.0,0.0,0.0,Benign
8.0,17,26831.52507676561,0.0,0.0,0.0,0.0,0.0,0.0,0.0,0,0.0,0.0,0.0,0.0,0.0,0.0,0.0,0.0,0.0,0.0,0.0,DoS
31.92,6,102877.21363747852,0.18,0.2,0.15,0.24,0.82,0.0,0.0,15,0.0,0.0,0.0,0.0,0.0,0.0,0.0,0.0,0.0,0.0,0.0,MQTT
32.0,6,1470.8082897920538,0.0,0.0,0.0,0.0,1.0,0.0,0.0,0,0.0,1.0,0.0,0.0,0.0,0.0,0.0,0.0,0.0,0.0,0.0,Spoofing
27.88,6,19.99770000207877,0.0,0.0,0.0,0.43,0.86,0.0,0.0,0,0.0,0.02,0.0,0.0,0.0,0.0,0.0,0.01,0.08,0.0,0.0,Benign
8.0,17,1496.5404376784015,0.0,0.0,0.0,0.0,0.0,0.0,0.0,0,0.0,0.0,0.0,0.0,0.0,0.0,0.0,0.0,0.0,0.0,0.0,Benign
19.76,6,27123.021210553543,0.0,0.0,0.0,0.0,0.0,0.0,0.0,0,0.0,0.0,0.0,0.0,0.0,0.0,0.0,0.0,0.0,0.0,0.0,DoS
34.68,6,32383.446571958,0.27,0.35,0.01,0.15,0.99,0.0,0.0,1,0.0,0.0,0.0,0.0,0.0,0.0,0.0,0.0,0.0,0.0,0.0,MQTT
8.0,17,34233.62716291218,0.0,0.0,0.0,0.0,0.0,0.0,0.0,0,0.0,0.0,0.0,0.0,0.0,0.0,0.0,0.0,0.0,0.0,0.0,DDoS
32.0,6,152.68337786579107,0.0,0.0,0.0,0.5,1.0,0.0,0.0,0,0.0,0.1,0.0,0.0,0.0,0.0,0.0,0.0,0.0,0.0,0.0,Spoofing
8.0,17,27655.967295265727,0.0,0.0,0.0,0.0,0.0,0.0,0.0,0,0.0,0.0,0.0,0.0,0.0,0.0,0.0,0.0,0.0,0.0,0.0,DDoS
28.0,6,11.50795717286942,0.0,0.1,0.0,0.3,0.7,0.0,0.0,0,0.0,0.2,0.2,0.0,0.0,0.0,0.0,0.0,0.0,0.0,0.0,Recon
18.8,6,784.1872639569233,0.0,0.0,0.9,0.0,0.9,0.0,0.0,9,0.0,0.0,0.0,0.0,0.0,0.0,0.0,0.0,0.0,0.0,0.0,Recon
24.0,6,5440.788688545856,0.0,1.0,0.0,0.0,0.0,0.0,0.0,0,0.0,0.0,0.0,0.0,0.0,0.0,0.0,0.0,0.0,0.0,0.0,Recon
8.0,17,72.18763983835547,0.0,0.0,0.0,0.0,0.0,0.0,0.0,0,0.0,0.0,0.0,0.0,0.0,0.0,0.0,0.0,0.0,0.0,0.0,Spoofing
20.0,6,28793.19008718336,0.0,0.0,0.0,0.0,0.0,0.0,0.0,0,0.0,0.0,0.0,0.0,0.0,0.0,0.0,0.0,0.0,0.0,0.0,DoS
30.0,6,21.51930576383663,0.0,0.0,0.0,0.46,0.93,0.0,0.0,0,0.0,0.02,0.0,0.0,0.0,0.0,0.0,0.0,0.04,0.0,0.0,Benign
20.0,6,178481.02127659574,0.0,0.0,1.0,0.0,1.0,0.0,0.0,10,0.0,0.0,0.0,0.0,0.0,0.0,0.0,0.0,0.0,0.0,0.0,Recon
32.0,6,6992.8376125375125,0.0,0.0,0.0,0.0,1.0,0.0,0.0,0,0.0,1.0,0.0,0.0,0.0,0.0,0.0,0.0,0.0,0.0,0.0,Spoofing
31.52,6,96.00320079030956,0.0,0.0,0.0,0.52,0.98,0.0,0.0,0,0.0,0.01,0.0,0.0,0.0,0.0,0.0,0.0,0.0,0.0,0.0,Benign
29.44,6,103206.29921259845,0.19,0.22,0.36,0.16,0.57,0.0,0.0,36,0.0,0.0,0.0,0.0,0.0,0.0,0.0,0.0,0.0,0.0,0.0,MQTT
19.2,6,491.22833317717607,0.0,0.7,0.0,0.0,0.0,0.0,0.0,0,0.0,0.0,0.0,0.0,0.0,0.0,0.0,0.0,0.0,0.0,0.0,Recon
33.44,6,1261.035212622667,0.04,0.21,0.06,0.29,0.91,0.0,0.0,6,0.0,0.0,0.0,0.0,0.0,0.0,0.0,0.0,0.0,0.0,0.0,MQTT
30.52,6,20.00522177619948,0.01,0.01,0.01,0.46,0.94,0.0,0.0,1,0.0,0.17,0.02,0.0,0.0,0.0,0.0,0.01,0.0,0.0,0.0,Benign
8.0,17,25568.7881004633,0.0,0.0,0.0,0.0,0.0,0.0,0.0,0,0.0,0.0,0.0,0.0,0.0,0.0,0.0,0.0,0.0,0.0,0.0,DoS
30.88,6,19.975621411590183,0.01,0.01,0.0,0.46,0.95,0.0,0.0,0,0.05,0.0,0.02,0.0,0.0,0.0,0.0,0.0,0.0,0.0,0.0,Benign
32.0,6,104.6570248119479,0.0,0.0,0.0,0.05,1.0,0.0,0.0,0,0.0,0.96,0.0,0.0,0.0,0.0,0.0,0.0,0.0,0.0,0.0,Benign
24.0,6,1441.936193619362,0.0,1.0,0.0,0.0,0.0,0.0,0.0,0,0.0,0.0,0.0,0.0,0.0,0.0,0.0,0.0,0.0,0.0,0.0,Recon
29.76,6,20.00346434509761,0.0,0.0,0.0,0.46,0.92,0.0,0.0,0,0.0,0.0,0.0,0.0,0.0,0.0,0.0,0.0,0.04,0.0,0.0,Benign
29.6,6,19.194370791525067,0.0,0.0,0.2,0.3,1.0,0.0,0.0,2,0.0,0.1,0.0,0.0,0.0,0.0,0.0,0.0,0.0,0.0,0.0,Recon
0.0,1,155980.06693938267,0.0,0.0,0.0,0.0,0.0,0.0,0.0,0,0.0,0.0,0.0,0.0,0.0,0.0,0.0,0.0,0.0,1.0,0.0,DDoS
28.08,6,25.01552919963683,0.0,0.0,0.0,0.43,0.87,0.0,0.0,0,0.0,0.0,0.0,0.0,0.0,0.0,0.0,0.0,0.1,0.0,0.0,Benign
28.6,6,63167.22891566265,0.1,0.13,0.38,0.12,0.58,0.0,0.0,38,0.0,0.0,0.0,0.0,0.0,0.0,0.0,0.0,0.0,0.0,0.0,MQTT
24.8,6,868.4218808232225,0.0,0.0,0.0,0.4,0.7,0.0,0.0,0,0.0,0.0,0.0,0.0,0.0,0.0,0.0,0.0,0.0,0.0,0.0,Spoofing
8.0,17,54141.009423002455,0.0,0.0,0.0,0.0,0.0,0.0,0.0,0,0.0,0.0,0.0,0.0,0.0,0.0,0.0,0.0,0.0,0.0,0.0,DDoS
24.0,6,131482.88401253917,0.0,1.0,0.0,0.0,0.0,0.0,0.0,0,0.0,0.0,0.0,0.0,0.0,0.0,0.0,0.0,0.0,0.0,0.0,Recon
20.0,6,50655.84541062802,0.0,1.0,0.0,0.0,0.0,0.0,0.0,0,0.0,0.0,0.0,0.0,0.0,0.0,0.0,0.0,0.0,0.0,0.0,DDoS
32.0,6,7085.691117342974,0.0,0.0,0.0,0.47,1.0,0.0,0.0,0,0.0,0.0,0.0,0.0,0.0,0.0,0.0,0.0,0.0,0.0,0.0,MQTT
28.32,6,16.672802242500296,0.0,0.0,0.0,0.43,0.87,0.0,0.0,0,0.0,0.01,0.0,0.0,0.0,0.0,0.0,0.0,0.01,0.0,0.0,Benign
32.0,6,1448.2643840488383,0.0,0.0,0.0,0.49,1.0,0.0,0.0,0,0.84,0.0,0.0,0.0,0.0,0.0,0.0,0.0,0.0,0.0,0.0,Benign
0.0,1,16509.757921668963,0.0,0.0,0.0,0.0,0.0,0.0,0.0,0,0.0,0.0,0.0,0.0,0.0,0.0,0.0,0.0,0.0,1.0,0.0,DoS
20.0,6,17485.73810814191,0.0,0.0,0.0,0.0,0.0,0.0,0.0,0,0.0,0.0,0.0,0.0,0.0,0.0,0.0,0.0,0.0,0.0,0.0,DoS
30.8,6,16.67203479997254,0.0,0.0,0.0,0.48,0.95,0.0,0.0,0,0.0,0.01,0.0,0.0,0.0,0.0,0.0,0.0,0.0,0.0,0.0,Benign
25.44,6,24.991290326443988,0.0,0.0,0.0,0.38,0.78,0.0,0.0,0,0.0,0.0,0.0,0.0,0.0,0.0,0.0,0.0,0.16,0.0,0.0,Benign
20.0,6,7251.562932226832,0.0,0.0,1.0,0.0,1.0,0.0,0.0,10,0.0,0.0,0.0,0.0,0.0,0.0,0.0,0.0,0.0,0.0,0.0,Recon
0.0,1,14301.851536127118,0.0,0.0,0.0,0.0,0.0,0.0,0.0,0,0.0,0.0,0.0,0.0,0.0,0.0,0.0,0.0,0.0,1.0,0.0,DDoS
5.6,17,185.05479766337825,0.0,0.0,0.0,0.0,0.0,0.0,0.0,0,0.0,0.0,0.0,0.0,0.0,0.0,0.0,0.0,0.3,0.0,0.0,Spoofing
35.2,6,20903.583354099177,0.24,0.4,0.0,0.24,0.66,0.0,0.0,0,0.0,0.0,0.0,0.0,0.0,0.0,0.0,0.0,0.0,0.0,0.0,MQTT
29.24,6,24.1776756273606,0.0,0.0,0.0,0.45,0.91,0.0,0.0,0,0.0,0.01,0.0,0.0,0.0,0.0,0.0,0.0,0.06,0.0,0.0,Benign
30.88,6,389.2127040805911,0.0,0.01,0.0,0.48,0.97,0.0,0.0,0,0.86,0.11,0.03,0.0,0.0,0.0,0.0,0.0,0.0,0.0,0.0,Benign
0.0,1,42716.20327935635,0.0,0.0,0.0,0.0,0.0,0.0,0.0,0,0.0,0.0,0.0,0.0,0.0,0.0,0.0,0.0,0.0,1.0,0.0,DDoS
32.92,6,83819.02478017585,0.13,0.16,0.03,0.11,0.97,0.0,0.0,3,0.0,0.0,0.0,0.0,0.0,0.0,0.0,0.0,0.0,0.0,0.0,MQTT
0.08,1,31939.56746877856,0.0,0.0,0.0,0.0,0.0,0.0,0.0,0,0.0,0.0,0.0,0.0,0.0,0.0,0.0,0.0,0.0,0.99,0.0,DoS
32.0,6,4665.2622212335245,0.0,0.0,0.0,0.47,1.0,0.0,0.0,0,0.0,0.0,0.0,0.0,0.0,0.0,0.0,0.0,0.0,0.0,0.0,MQTT
28.72,6,20.00887978764456,0.0,0.0,0.0,0.37,0.89,0.0,0.0,0,0.0,0.01,0.0,0.0,0.0,0.0,0.0,0.0,0.08,0.0,0.0,Benign
32.0,6,94.19306156914178,0.0,0.0,0.0,0.4,1.0,0.0,0.0,0,0.0,0.1,0.0,0.0,0.0,0.0,0.0,0.0,0.0,0.0,0.0,Spoofing
20.04,6,19522.919381865573,0.0,1.0,0.0,0.0,0.01,0.0,0.0,0,0.0,0.0,0.0,0.0,0.0,0.0,0.0,0.0,0.0,0.0,0.0,DoS
32.52,6,25386.176007747246,0.12,0.23,0.15,0.17,0.89,0.0,0.0,15,0.0,0.0,0.0,0.0,0.0,0.0,0.0,0.0,0.0,0.0,0.0,MQTT
31.76,6,96.02126691725624,0.0,0.0,0.0,0.48,0.99,0.0,0.0,0,0.0,0.0,0.0,0.0,0.0,0.0,0.0,0.0,0.0,0.0,0.0,Benign
20.0,6,52632.75191366545,0.0,0.0,0.0,0.0,0.0,0.0,0.0,0,0.0,0.0,0.0,0.0,0.0,0.0,0.0,0.0,0.0,0.0,0.0,DDoS
31.04,6,50.10740533534704,0.0,0.0,0.0,0.42,0.96,0.0,0.0,0,0.0,0.0,0.0,0.0,0.0,0.0,0.0,0.0,0.0,0.0,0.0,Benign
32.0,6,8570.298324478954,0.0,0.0,0.0,0.5,1.0,0.0,0.0,0,0.0,0.0,0.0,0.0,0.0,0.0,0.0,0.0,0.0,0.0,0.0,Spoofing
32.52,6,27539.750492449115,0.21,0.26,0.14,0.14,0.75,0.0,0.0,14,0.0,0.0,0.0,0.0,0.0,0.0,0.0,0.0,0.0,0.0,0.0,MQTT
33.2,6,47195.94913919208,0.2,0.36,0.14,0.21,0.61,0.0,0.0,14,0.0,0.0,0.0,0.0,0.0,0.0,0.0,0.0,0.0,0.0,0.0,MQTT
32.0,6,188085.38116591927,0.0,0.0,0.0,0.0,1.0,0.0,0.0,0,0.0,1.0,0.0,0.0,0.0,0.0,0.0,0.0,0.0,0.0,0.0,Spoofing
32.0,6,7002.176961602671,0.0,0.0,0.0,0.0,1.0,0.0,0.0,0,0.0,1.0,0.0,0.0,0.0,0.0,0.0,0.0,0.0,0.0,0.0,Spoofing
32.0,6,1557.6573699260964,0.0,0.0,0.0,0.0,1.0,0.0,0.0,0,0.0,1.0,0.0,0.0,0.0,0.0,0.0,0.0,0.0,0.0,0.0,Spoofing
0.0,1,21881.803005008347,0.0,0.0,0.0,0.0,0.0,0.0,0.0,0,0.0,0.0,0.0,0.0,0.0,0.0,0.0,0.0,0.0,1.0,0.0,DoS
33.96,6,53112.62504748639,0.31,0.38,0.1,0.16,0.61,0.0,0.0,10,0.0,0.0,0.0,0.0,0.0,0.0,0.0,0.0,0.0,0.0,0.0,MQTT
20.0,6,32010.257193009234,0.0,0.0,0.0,0.0,0.0,0.0,0.0,0,0.0,0.0,0.0,0.0,0.0,0.0,0.0,0.0,0.0,0.0,0.0,DDoS
31.16,6,16.674203438127385,0.0,0.0,0.0,0.49,0.97,0.0,0.0,0,0.0,0.02,0.0,0.0,0.0,0.0,0.0,0.0,0.0,0.0,0.0,Benign
30.76,6,16.880369235539302,0.0,0.01,0.01,0.47,0.95,0.0,0.0,1,0.0,0.12,0.02,0.0,0.0,0.0,0.0,0.0,0.0,0.0,0.0,Benign
33.6,6,3109.35630462663,0.03,0.26,0.16,0.21,0.81,0.0,0.0,16,0.0,0.0,0.0,0.0,0.0,0.0,0.0,0.0,0.0,0.0,0.0,MQTT
32.0,6,10913.193408499566,0.0,0.0,0.0,0.6666666666666666,1.0,0.0,0.0,0,0.0,0.0,0.0,0.0,0.0,0.0,0.0,0.0,0.0,0.0,0.0,Benign
20.0,6,203606.99029126213,0.0,0.0,1.0,0.0,1.0,0.0,0.0,10,0.0,0.0,0.0,0.0,0.0,0.0,0.0,0.0,0.0,0.0,0.0,Recon
21.04,6,36167.146675864446,0.0,0.26,0.74,0.0,0.26,0.0,0.0,74,0.0,0.0,0.0,0.0,0.0,0.0,0.0,0.0,0.0,0.0,0.0,DoS
31.76,6,23.09148835326954,0.0,0.0,0.0,0.49,0.99,0.0,0.0,0,0.0,0.0,0.0,0.0,0.0,0.0,0.0,0.0,0.0,0.0,0.0,Benign
24.0,6,35575.09754028838,0.0,1.0,0.0,0.0,0.0,0.0,0.0,0,0.0,0.0,0.0,0.0,0.0,0.0,0.0,0.0,0.0,0.0,0.0,Recon
30.96,6,16.668360935341223,0.0,0.0,0.0,0.49,0.96,0.0,0.0,0,0.0,0.02,0.0,0.0,0.0,0.0,0.0,0.0,0.01,0.0,0.0,Benign
31.28,6,16.672190536049587,0.0,0.0,0.0,0.5,0.97,0.0,0.0,0,0.0,0.0,0.0,0.0,0.0,0.0,0.0,0.01,0.0,0.0,0.0,Benign
23.6,6,1412.7943950417678,0.0,0.9,0.1,0.0,0.0,0.0,0.0,1,0.0,0.1,0.0,0.0,0.0,0.1,0.0,0.0,0.0,0.0,0.0,Recon
32.0,6,14184.321947920189,0.0,0.0,0.0,0.5,1.0,0.0,0.0,0,0.0,0.0,0.0,0.0,0.0,0.0,0.0,0.0,0.0,0.0,0.0,Spoofing
8.0,17,85180.8285946385,0.0,0.0,0.0,0.0,0.0,0.0,0.0,0,0.0,0.0,0.0,0.0,0.0,0.0,0.0,0.0,0.0,0.0,0.0,DDoS
8.0,17,23825.85775960009,0.0,0.0,0.0,0.0,0.0,0.0,0.0,0,0.0,0.0,0.0,0.0,0.0,0.0,0.0,0.0,0.0,0.0,0.0,DoS
20.8,6,13948.466910542067,0.0,0.2,0.8,0.0,0.8,0.0,0.0,8,0.0,0.0,0.0,0.0,0.0,0.0,0.0,0.0,0.0,0.0,0.0,Recon
17.6,17,236.764342284266,0.0,0.0,0.0,0.2,0.4,0.0,0.0,0,0.0,0.0,0.0,0.0,0.0,0.0,0.0,0.0,0.0,0.0,0.0,Spoofing
29.56,6,17.17924960955264,0.0,0.0,0.0,0.45,0.91,0.0,0.0,0,0.0,0.0,0.02,0.0,0.0,0.0,0.0,0.0,0.02,0.0,0.0,Benign
0.0,0,101.35404408122234,0.0,0.0,0.0,0.0,0.0,0.0,0.0,0,0.0,0.0,0.0,0.0,0.0,0.0,0.0,0.0,1.0,0.0,0.0,Recon
30.8,6,16.661737496230625,0.0,0.0,0.0,0.47,0.95,0.0,0.0,0,0.0,0.0,0.0,0.0,0.0,0.0,0.0,0.01,0.0,0.0,0.0,Benign
32.0,6,7855.973028657052,0.0,0.0,0.0,0.0,1.0,0.0,0.0,0,0.0,1.0,0.0,0.0,0.0,0.0,0.0,0.0,0.0,0.0,0.0,Spoofing
8.0,17,20064.600076540373,0.0,0.0,0.0,0.0,0.0,0.0,0.0,0,0.0,0.0,0.0,0.0,0.0,0.0,0.0,0.0,0.0,0.0,0.0,DoS
20.0,6,inf,0.0,0.0,1.0,0.0,1.0,0.0,0.0,10,0.0,0.0,0.0,0.0,0.0,0.0,0.0,0.0,0.0,0.0,0.0,Recon
31.52,6,4939.007559878477,0.05,0.03,0.06,0.34,0.94,0.0,0.0,6,0.0,0.0,0.0,0.0,0.0,0.0,0.0,0.0,0.0,0.0,0.0,MQTT
20.0,6,19202.05100032047,0.0,1.0,0.0,0.0,0.0,0.0,0.0,0,0.0,0.0,0.0,0.0,0.0,0.0,0.0,0.0,0.0,0.0,0.0,DoS
29.32,6,7127.594059069435,0.0,0.01,0.23,0.3,0.77,0.0,0.0,23,0.0,0.0,0.0,0.0,0.0,0.0,0.0,0.0,0.0,0.0,0.0,MQTT
32.0,6,6849.296993647631,0.0,0.0,0.0,0.66,1.0,0.0,0.0,0,0.0,0.0,0.0,0.0,0.0,0.0,0.0,0.0,0.0,0.0,0.0,MQTT
24.0,6,10111.629701060752,0.0,1.0,0.0,0.0,0.0,0.0,0.0,0,0.0,0.0,0.0,0.0,0.0,0.0,0.0,0.0,0.0,0.0,0.0,Recon
20.0,6,43106.92702980473,0.0,0.0,1.0,0.0,1.0,0.0,0.0,10,0.0,0.0,0.0,0.0,0.0,0.0,0.0,0.0,0.0,0.0,0.0,Recon
8.0,17,162318.26625386998,0.0,0.0,0.0,0.0,0.0,0.0,0.0,0,0.0,0.0,0.0,0.0,0.0,0.0,0.0,0.0,0.0,0.0,0.0,DDoS
7.2,17,48.03927160608362,0.0,0.0,0.0,0.0,0.0,0.0,0.0,0,0.0,0.0,0.0,0.0,0.0,0.0,0.0,0.0,0.1,0.0,0.0,Spoofing
32.72,6,36245.28171448324,0.24,0.09,0.0,0.29,1.0,0.0,0.0,0,0.0,0.0,0.0,0.0,0.0,0.0,0.0,0.0,0.0,0.0,0.0,MQTT
11.84,17,948.3175028092492,0.0,0.0,0.0,0.08,0.16,0.0,0.0,0,0.0,0.0,0.0,0.0,0.0,0.0,0.0,0.0,0.0,0.0,0.0,Benign
20.0,6,24528.09356725146,0.0,0.0,0.0,0.0,0.0,0.0,0.0,0,0.0,0.0,0.0,0.0,0.0,0.0,0.0,0.0,0.0,0.0,0.0,DoS
33.56,6,20636.18204182042,0.28,0.3,0.07,0.16,0.91,0.0,0.0,7,0.0,0.0,0.0,0.0,0.0,0.0,0.0,0.0,0.0,0.0,0.0,MQTT
20.0,6,10422.961656022464,0.0,1.0,0.0,0.0,0.0,0.0,0.0,0,0.0,0.0,0.0,0.0,0.0,0.0,0.0,0.0,0.0,0.0,0.0,DoS
27.84,6,16.790522152995806,0.0,0.0,0.0,0.42,0.86,0.0,0.0,0,0.0,0.02,0.01,0.0,0.0,0.0,0.0,0.0,0.07,0.0,0.0,Benign
20.0,6,29940.067099721608,0.0,1.0,0.0,0.0,0.0,0.0,0.0,0,0.0,0.0,0.0,0.0,0.0,0.0,0.0,0.0,0.0,0.0,0.0,DoS
8.0,17,295.42137106714466,0.0,0.0,0.0,0.0,0.0,0.0,0.0,0,0.0,0.0,0.0,0.0,0.0,0.0,0.0,0.0,0.0,0.0,0.0,Spoofing
28.52,6,19.99208287009067,0.0,0.0,0.0,0.43,0.88,0.0,0.0,0,0.0,0.01,0.0,0.0,0.0,0.0,0.0,0.02,0.06,0.0,0.0,Benign
27.36,6,48.67283306996903,0.01,0.0,0.01,0.34,0.89,0.0,0.0,1,0.02,0.28,0.0,0.0,0.0,0.0,0.0,0.0,0.01,0.0,0.0,Benign
31.08,6,5362.805743437624,0.05,0.11,0.24,0.12,0.77,0.0,0.0,24,0.0,0.0,0.0,0.0,0.0,0.0,0.0,0.0,0.0,0.0,0.0,MQTT
8.0,17,40980.0097703957,0.0,0.0,0.0,0.0,0.0,0.0,0.0,0,0.0,0.0,0.0,0.0,0.0,0.0,0.0,0.0,0.0,0.0,0.0,DDoS
31.6,6,60.70387657483591,0.0,0.1,0.0,0.2,0.9,0.0,0.0,0,0.0,0.6,0.0,0.0,0.0,0.0,0.0,0.0,0.0,0.0,0.0,Recon
32.0,6,10.010850268679002,0.0,0.0,0.0,0.5,1.0,0.0,0.0,0,0.0,0.0,0.0,0.0,0.0,0.0,0.0,0.0,0.0,0.0,0.0,Spoofing
20.0,6,3413.0555781593293,0.0,0.0,1.0,0.0,1.0,0.0,0.0,10,0.0,0.0,0.0,0.0,0.0,0.0,0.0,0.0,0.0,0.0,0.0,Recon
8.0,17,40.24146969539972,0.0,0.0,0.0,0.0,0.0,0.0,0.0,0,0.0,0.0,0.0,0.0,0.0,0.0,0.0,0.0,0.0,0.0,0.0,Spoofing
32.16,6,30835.93589178062,0.19,0.23,0.15,0.13,0.82,0.0,0.0,15,0.0,0.0,0.0,0.0,0.0,0.0,0.0,0.0,0.0,0.0,0.0,MQTT
29.48,6,19.997884974056603,0.0,0.0,0.0,0.45,0.9,0.0,0.0,0,0.0,0.01,0.0,0.0,0.0,0.0,0.0,0.0,0.0,0.0,0.0,Benign
0.16,1,12344.175643063158,0.0,0.0,0.0,0.0,0.0,0.0,0.0,0,0.0,0.0,0.01,0.0,0.0,0.0,0.0,0.0,0.0,0.98,0.0,DDoS
20.0,6,24813.962018576585,0.0,1.0,0.0,0.0,0.0,0.0,0.0,0,0.0,0.0,0.0,0.0,0.0,0.0,0.0,0.0,0.0,0.0,0.0,DoS
32.0,6,488.6108567660826,0.0,0.0,0.0,0.01,1.0,0.0,0.0,0,0.0,1.0,0.0,0.0,0.0,0.0,0.0,0.0,0.0,0.0,0.0,Benign
8.0,17,27390.47867824724,0.0,0.0,0.0,0.0,0.0,0.0,0.0,0,0.0,0.0,0.0,0.0,0.0,0.0,0.0,0.0,0.0,0.0,0.0,DoS
0.0,1,57307.06380653095,0.0,0.0,0.0,0.0,0.0,0.0,0.0,0,0.0,0.0,0.0,0.0,0.0,0.0,0.0,0.0,0.0,1.0,0.0,DDoS
32.0,6,8689.616308941742,0.0,0.0,0.0,0.45,1.0,0.0,0.0,0,0.0,0.0,0.0,0.0,0.0,0.0,0.0,0.0,0.0,0.0,0.0,MQTT
33.84,6,25043.611177454022,0.29,0.23,0.0,0.21,0.86,0.0,0.0,0,0.0,0.0,0.0,0.0,0.0,0.0,0.0,0.0,0.0,0.0,0.0,MQTT
3.2,0,113.16962611400864,0.0,0.0,0.0,0.0,0.0,0.0,0.0,0,0.0,0.0,0.0,0.0,0.0,0.0,0.0,0.0,0.6,0.0,0.0,Spoofing
32.0,6,508.5484262088365,0.0,0.0,0.0,0.2,1.0,0.0,0.0,0,0.0,0.8,0.0,0.0,0.0,0.0,0.0,0.0,0.0,0.0,0.0,Spoofing
8.0,17,42175.002513826046,0.0,0.0,0.0,0.0,0.0,0.0,0.0,0,0.0,0.0,0.0,0.0,0.0,0.0,0.0,0.0,0.0,0.0,0.0,DDoS
31.2,6,38984.14350776094,0.2,0.17,0.18,0.16,0.68,0.0,0.0,18,0.0,0.0,0.0,0.0,0.0,0.0,0.0,0.0,0.0,0.0,0.0,MQTT
30.08,6,6371.030166783121,0.02,0.0,0.16,0.43,0.84,0.0,0.0,16,0.0,0.0,0.0,0.0,0.0,0.0,0.0,0.0,0.0,0.0,0.0,MQTT
20.0,6,68300.01628399284,0.0,0.0,0.0,0.0,0.0,0.0,0.0,0,0.0,0.0,0.0,0.0,0.0,0.0,0.0,0.0,0.0,0.0,0.0,DDoS
20.24,6,29137.22820423758,0.0,0.98,0.0,0.0,0.02,0.0,0.0,0,0.0,0.02,0.0,0.0,0.0,0.0,0.0,0.0,0.0,0.0,0.0,DoS
32.0,6,88.06771105637898,0.0,0.0,0.0,0.5,1.0,0.0,0.0,0,0.0,0.1,0.0,0.0,0.0,0.0,0.0,0.0,0.0,0.0,0.0,Spoofing
0.0,1,70033.46134580064,0.0,0.0,0.0,0.0,0.0,0.0,0.0,0,0.0,0.0,0.0,0.0,0.0,0.0,0.0,0.0,0.0,1.0,0.0,DoS
0.0,1,43745.3483521068,0.0,0.0,0.0,0.0,0.0,0.0,0.0,0,0.0,0.0,0.0,0.0,0.0,0.0,0.0,0.0,0.0,1.0,0.0,DoS
11.6,17,29736.29209500177,0.0,0.0,0.0,0.0,0.15,0.0,0.0,0,0.0,0.15,0.0,0.0,0.0,0.0,0.0,0.0,0.0,0.0,0.0,DDoS
0.0,1,30626.53523183644,0.0,0.0,0.0,0.0,0.0,0.0,0.0,0,0.0,0.0,0.0,0.0,0.0,0.0,0.0,0.0,0.0,1.0,0.0,DoS
24.0,6,6031.498418176589,0.0,1.0,0.0,0.0,0.0,0.0,0.0,0,0.0,0.0,0.0,0.0,0.0,0.0,0.0,0.0,0.0,0.0,0.0,Recon
24.0,6,1086.832504145937,0.0,1.0,0.0,0.0,0.0,0.0,0.0,0,0.0,0.0,0.0,0.0,0.0,0.0,0.0,0.0,0.0,0.0,0.0,Recon
33.12,6,46402.30113950658,0.17,0.38,0.19,0.2,0.54,0.0,0.0,19,0.0,0.0,0.0,0.0,0.0,0.0,0.0,0.0,0.0,0.0,0.0,MQTT
0.0,1,17088.22163373396,0.0,0.0,0.0,0.0,0.0,0.0,0.0,0,0.0,0.0,0.0,0.0,0.0,0.0,0.0,0.0,0.0,1.0,0.0,DDoS
8.0,17,30806.49283878076,0.0,0.0,0.0,0.0,0.0,0.0,0.0,0,0.0,0.0,0.0,0.0,0.0,0.0,0.0,0.0,0.0,0.0,0.0,DoS
23.6,6,30660.11695906433,0.0,0.9,0.1,0.0,0.1,0.0,0.0,1,0.0,0.0,0.0,0.0,0.0,0.0,0.0,0.0,0.0,0.0,0.0,Recon
20.0,6,36311.17652151329,0.0,0.0,0.0,0.0,0.0,0.0,0.0,0,0.0,0.0,0.0,0.0,0.0,0.0,0.0,0.0,0.0,0.0,0.0,DDoS
32.12,6,51571.42505840404,0.13,0.12,0.07,0.24,0.92,0.0,0.0,7,0.0,0.0,0.0,0.0,0.0,0.0,0.0,0.0,0.0,0.0,0.0,MQTT
0.08,1,17544.250637888483,0.0,0.0,0.0,0.0,0.0,0.0,0.0,0,0.0,0.0,0.0,0.0,0.0,0.0,0.0,0.0,0.0,0.99,0.0,DoS
0.0,1,23623.22725992678,0.0,0.0,0.0,0.0,0.0,0.0,0.0,0,0.0,0.0,0.0,0.0,0.0,0.0,0.0,0.0,0.0,1.0,0.0,DoS
32.32,6,49748.59447277903,0.2,0.31,0.18,0.12,0.7,0.0,0.0,18,0.0,0.0,0.0,0.0,0.0,0.0,0.0,0.0,0.0,0.0,0.0,MQTT
27.04,6,37130.87818696884,0.09,0.07,0.49,0.13,0.47,0.0,0.0,49,0.0,0.0,0.0,0.0,0.0,0.0,0.0,0.0,0.0,0.0,0.0,MQTT
24.0,6,367921.4035087719,0.0,1.0,0.0,0.0,0.0,0.0,0.0,0,0.0,0.0,0.0,0.0,0.0,0.0,0.0,0.0,0.0,0.0,0.0,Recon
8.0,17,812.4717185805052,0.0,0.0,0.0,0.0,0.0,0.0,0.0,0,0.0,0.0,0.0,0.0,0.0,0.0,0.0,0.0,0.0,0.0,0.0,Recon
24.0,6,100102.72076372316,0.0,1.0,0.0,0.0,0.0,0.0,0.0,0,0.0,0.0,0.0,0.0,0.0,0.0,0.0,0.0,0.0,0.0,0.0,Recon
32.0,6,17734.900634249472,0.0,0.0,0.0,0.5,1.0,0.0,0.0,0,0.0,0.0,0.0,0.0,0.0,0.0,0.0,0.0,0.0,0.0,0.0,Spoofing
8.0,17,1876.1424226158529,0.0,0.0,0.0,0.0,0.0,0.0,0.0,0,0.0,0.0,0.0,0.0,0.0,0.0,0.0,0.0,0.0,0.0,0.0,Spoofing
8.0,17,31458.06645166129,0.0,0.0,0.0,0.0,0.0,0.0,0.0,0,0.0,0.0,0.0,0.0,0.0,0.0,0.0,0.0,0.0,0.0,0.0,DoS
31.04,6,19.98594128580817,0.0,0.0,0.0,0.48,0.97,0.0,0.0,0,0.0,0.02,0.0,0.0,0.0,0.0,0.0,0.0,0.0,0.0,0.0,Benign
8.0,17,10772.303266899527,0.0,0.0,0.0,0.0,0.0,0.0,0.0,0,0.0,0.0,0.0,0.0,0.0,0.0,0.0,0.0,0.0,0.0,0.0,DoS
27.48,6,52435.35441930241,0.06,0.11,0.46,0.23,0.51,0.0,0.0,46,0.0,0.0,0.0,0.0,0.0,0.0,0.0,0.0,0.0,0.0,0.0,MQTT
0.56,1,23051.95932948612,0.0,0.0,0.0,0.0,0.0,0.0,0.0,0,0.0,0.0,0.0,0.0,0.0,0.0,0.0,0.0,0.0,0.93,0.0,DoS
20.0,6,1284.8621492464158,0.0,0.0,1.0,0.0,1.0,0.0,0.0,10,0.0,0.0,0.0,0.0,0.0,0.0,0.0,0.0,0.0,0.0,0.0,Recon
31.4,6,33.52429767930203,0.0,0.0,0.0,0.29,0.98,0.0,0.0,0,0.01,0.45,0.0,0.0,0.0,0.0,0.0,0.01,0.0,0.0,0.0,Benign
27.92,6,19.981984169165106,0.0,0.0,0.0,0.42,0.83,0.0,0.0,0,0.0,0.03,0.04,0.0,0.0,0.0,0.0,0.0,0.0,0.0,0.0,Benign
34.12,6,31614.56244817969,0.25,0.25,0.0,0.23,1.0,0.0,0.0,0,0.0,0.0,0.0,0.0,0.0,0.0,0.0,0.0,0.0,0.0,0.0,MQTT
34.12,6,7984.5878545593,0.19,0.28,0.01,0.24,0.97,0.0,0.0,1,0.0,0.01,0.0,0.0,0.0,0.0,0.0,0.0,0.0,0.0,0.0,MQTT
8.0,17,125.8590744597214,0.0,0.0,0.0,0.0,0.0,0.0,0.0,0,0.0,0.0,0.0,0.0,0.0,0.0,0.0,0.0,0.0,0.0,0.0,Spoofing
20.0,6,25335.572334642104,0.0,1.0,0.0,0.0,0.0,0.0,0.0,0,0.0,0.0,0.0,0.0,0.0,0.0,0.0,0.0,0.0,0.0,0.0,DoS
19.88,6,19241.691898339297,0.0,0.0,0.0,0.0,0.0,0.0,0.0,0,0.0,0.0,0.0,0.0,0.0,0.0,0.0,0.0,0.0,0.0,0.0,DDoS
12.8,17,58.96018859145406,0.0,0.0,0.0,0.2,0.2,0.0,0.0,0,0.0,0.0,0.0,0.0,0.0,0.0,0.0,0.0,0.0,0.0,0.0,Spoofing
8.0,17,40520.76127910347,0.0,0.0,0.0,0.0,0.0,0.0,0.0,0,0.0,0.0,0.0,0.0,0.0,0.0,0.0,0.0,0.0,0.0,0.0,DDoS
8.0,17,77932.06986250465,0.0,0.0,0.0,0.0,0.0,0.0,0.0,0,0.0,0.0,0.0,0.0,0.0,0.0,0.0,0.0,0.0,0.0,0.0,DDoS
33.2,6,22104.368906455864,0.19,0.24,0.09,0.14,0.93,0.0,0.0,9,0.0,0.0,0.0,0.0,0.0,0.0,0.0,0.0,0.0,0.0,0.0,MQTT
20.0,6,19616.050883921056,0.0,0.99,0.01,0.0,0.0,0.0,0.0,1,0.0,0.0,0.0,0.0,0.0,0.0,0.0,0.0,0.0,0.0,0.0,DoS
20.12,6,21039.899673940305,0.0,0.99,0.0,0.01,0.01,0.0,0.0,0,0.0,0.01,0.0,0.0,0.0,0.0,0.0,0.0,0.0,0.0,0.0,DoS
27.2,6,512.0562561804886,0.0,0.0,0.0,0.1,1.0,0.0,0.0,0,0.4,0.0,0.0,0.0,0.0,0.0,0.0,0.0,0.0,0.0,0.0,Spoofing
8.0,17,70080.26733500417,0.0,0.0,0.0,0.0,0.0,0.0,0.0,0,0.0,0.0,0.0,0.0,0.0,0.0,0.0,0.0,0.0,0.0,0.0,DDoS
32.0,6,20370.58766391452,0.0,0.0,0.0,0.5,1.0,0.0,0.0,0,0.0,0.0,0.0,0.0,0.0,0.0,0.0,0.0,0.0,0.0,0.0,Recon
32.0,6,1344.2851190666966,0.0,0.0,0.0,0.0,1.0,0.0,0.0,0,0.0,1.0,0.0,0.0,0.0,0.0,0.0,0.0,0.0,0.0,0.0,Spoofing
20.0,6,5695.377763293684,0.0,1.0,0.0,0.0,0.0,0.0,0.0,0,0.0,0.0,0.0,0.0,0.0,0.0,0.0,0.0,0.0,0.0,0.0,DoS
31.16,6,19.9917874694324,0.0,0.0,0.0,0.47,0.97,0.0,0.0,0,0.0,0.03,0.0,0.0,0.0,0.0,0.0,0.0,0.0,0.0,0.0,Benign
34.24,6,26232.43479892426,0.22,0.28,0.0,0.3,0.99,0.0,0.0,0,0.0,0.0,0.0,0.0,0.0,0.0,0.0,0.0,0.0,0.0,0.0,MQTT
30.8,6,16.665930912922054,0.0,0.0,0.0,0.46,0.95,0.0,0.0,0,0.0,0.02,0.0,0.0,0.0,0.0,0.0,0.01,0.0,0.0,0.0,Benign
8.0,17,33500.83067092652,0.0,0.0,0.0,0.0,0.0,0.0,0.0,0,0.0,0.0,0.0,0.0,0.0,0.0,0.0,0.0,0.0,0.0,0.0,DoS
31.16,6,16.660075014157457,0.0,0.0,0.0,0.48,0.97,0.0,0.0,0,0.0,0.01,0.0,0.0,0.0,0.0,0.0,0.0,0.0,0.0,0.0,Benign
0.0,0,111.01240527972092,0.0,0.0,0.0,0.0,0.0,0.0,0.0,0,0.0,0.0,0.0,0.0,0.0,0.0,0.0,0.0,1.0,0.0,0.0,Spoofing
20.0,6,29265.30840078147,0.0,0.0,0.0,0.0,0.0,0.0,0.0,0,0.0,0.0,0.0,0.0,0.0,0.0,0.0,0.0,0.0,0.0,0.0,DoS
10.4,17,170.27036682201256,0.0,0.0,0.0,0.1,0.1,0.0,0.0,0,0.0,0.1,0.0,0.0,0.0,0.0,0.0,0.0,0.0,0.0,0.0,Spoofing
31.92,6,97655.50640279397,0.25,0.2,0.14,0.18,0.83,0.0,0.0,14,0.0,0.0,0.0,0.0,0.0,0.0,0.0,0.0,0.0,0.0,0.0,MQTT
32.04,6,74130.50547896784,0.29,0.2,0.13,0.23,0.7,0.0,0.0,13,0.0,0.0,0.0,0.0,0.0,0.0,0.0,0.0,0.0,0.0,0.0,MQTT
12.8,17,184.21359146547672,0.0,0.0,0.0,0.1,0.2,0.0,0.0,0,0.0,0.2,0.0,0.0,0.0,0.0,0.0,0.0,0.0,0.0,0.0,Spoofing
32.0,6,12644.871872173651,0.0,0.0,0.0,0.5,1.0,0.0,0.0,0,0.0,0.0,0.0,0.0,0.0,0.0,0.0,0.0,0.0,0.0,0.0,Spoofing
0.0,1,44034.687664042,0.0,0.0,0.0,0.0,0.0,0.0,0.0,0,0.0,0.0,0.0,0.0,0.0,0.0,0.0,0.0,0.0,1.0,0.0,DDoS
0.0,1,135869.90605766117,0.0,0.0,0.0,0.0,0.0,0.0,0.0,0,0.0,0.0,0.0,0.0,0.0,0.0,0.0,0.0,0.0,1.0,0.0,DDoS
28.96,6,24.98802967104517,0.0,0.0,0.0,0.47,0.9,0.0,0.0,0,0.0,0.08,0.04,0.0,0.0,0.0,0.0,0.0,0.02,0.0,0.0,Benign
26.84,6,12664.726130805,0.0,0.06,0.47,0.29,0.53,0.0,0.0,47,0.0,0.0,0.0,0.0,0.0,0.0,0.0,0.0,0.0,0.0,0.0,MQTT
22.4,6,15.459173086328835,0.0,0.0,0.0,0.3,0.6,0.0,0.0,0,0.0,0.0,0.0,0.0,0.0,0.0,0.0,0.0,0.0,0.0,0.0,Spoofing
32.84,6,15035.503297963864,0.04,0.21,0.12,0.2,0.92,0.0,0.0,12,0.0,0.0,0.0,0.0,0.0,0.0,0.0,0.0,0.0,0.0,0.0,MQTT
31.16,6,23.50176858442477,0.0,0.0,0.0,0.51,0.98,0.0,0.0,0,0.0,0.03,0.0,0.0,0.0,0.0,0.0,0.0,0.0,0.0,0.0,Benign
31.8,6,5109.64598104427,0.0,0.05,0.05,0.55,0.95,0.0,0.0,5,0.0,0.0,0.0,0.0,0.0,0.0,0.0,0.0,0.0,0.0,0.0,MQTT
8.0,17,66671.49896677793,0.0,0.0,0.0,0.0,0.0,0.0,0.0,0,0.0,0.0,0.0,0.0,0.0,0.0,0.0,0.0,0.0,0.0,0.0,DDoS
27.72,6,18406.565146794223,0.12,0.05,0.4,0.11,0.59,0.0,0.0,40,0.0,0.0,0.0,0.0,0.0,0.0,0.0,0.0,0.0,0.0,0.0,MQTT
29.8,6,35296.67592358832,0.13,0.16,0.34,0.17,0.55,0.0,0.0,34,0.0,0.0,0.0,0.0,0.0,0.0,0.0,0.0,0.0,0.0,0.0,MQTT
33.92,6,3808.364356147965,0.02,0.27,0.1,0.24,0.81,0.0,0.0,10,0.0,0.0,0.0,0.0,0.0,0.0,0.0,0.0,0.0,0.0,0.0,MQTT
8.0,17,72253.29888027563,0.0,0.0,0.0,0.0,0.0,0.0,0.0,0,0.0,0.0,0.0,0.0,0.0,0.0,0.0,0.0,0.0,0.0,0.0,DDoS
8.0,17,29222.490071762,0.0,0.0,0.0,0.0,0.0,0.0,0.0,0,0.0,0.0,0.0,0.0,0.0,0.0,0.0,0.0,0.0,0.0,0.0,DoS
20.0,6,34094.488701024224,0.0,0.0,0.0,0.0,0.0,0.0,0.0,0,0.0,0.0,0.0,0.0,0.0,0.0,0.0,0.0,0.0,0.0,0.0,DoS
31.28,6,22.62660038283332,0.0,0.0,0.0,0.5,0.97,0.0,0.0,0,0.0,0.06,0.0,0.0,0.0,0.0,0.0,0.01,0.0,0.0,0.0,Benign
20.0,6,20854.733492442323,0.0,0.0,0.0,0.0,0.0,0.0,0.0,0,0.0,0.0,0.0,0.0,0.0,0.0,0.0,0.0,0.0,0.0,0.0,DoS
20.0,6,6097.258322430585,0.0,0.0,1.0,0.0,1.0,0.0,0.0,10,0.0,0.0,0.0,0.0,0.0,0.0,0.0,0.0,0.0,0.0,0.0,Recon
32.0,6,34469.953977646284,0.0,0.0,0.0,0.11,1.0,0.0,0.0,0,0.0,0.0,0.0,0.0,0.0,0.0,0.0,0.0,0.0,0.0,0.0,MQTT
20.0,6,2857.93404197329,0.0,0.0,1.0,0.0,1.0,0.0,0.0,10,0.0,0.0,0.0,0.0,0.0,0.0,0.0,0.0,0.0,0.0,0.0,Recon
22.8,6,66.61294395484497,0.1,0.3,0.2,0.1,0.1,0.1,0.1,2,0.0,0.0,0.0,0.0,0.0,0.0,0.0,0.0,0.0,0.2,0.0,Recon
30.24,6,6361.656883711759,0.05,0.02,0.16,0.45,0.82,0.0,0.0,16,0.0,0.0,0.0,0.0,0.0,0.0,0.0,0.0,0.0,0.0,0.0,MQTT
30.64,6,21101.292951652664,0.06,0.22,0.26,0.16,0.69,0.0,0.0,26,0.0,0.0,0.0,0.0,0.0,0.0,0.0,0.0,0.0,0.0,0.0,MQTT
26.08,6,19.989613208049388,0.0,0.0,0.0,0.39,0.8,0.0,0.0,0,0.0,0.02,0.0,0.0,0.0,0.0,0.0,0.0,0.14,0.0,0.0,Benign
24.0,6,117487.50700280113,0.0,1.0,0.0,0.0,0.0,0.0,0.0,0,0.0,0.0,0.0,0.0,0.0,0.0,0.0,0.0,0.0,0.0,0.0,Recon
0.0,1,44801.367229224525,0.0,0.0,0.0,0.0,0.0,0.0,0.0,0,0.0,0.0,0.0,0.0,0.0,0.0,0.0,0.0,0.0,1.0,0.0,DDoS
27.08,6,84664.99798142914,0.12,0.12,0.49,0.05,0.42,0.0,0.0,49,0.0,0.0,0.0,0.0,0.0,0.0,0.0,0.0,0.0,0.0,0.0,MQTT
31.76,6,7575.18467012227,0.0,0.0,0.02,0.57,0.98,0.0,0.0,2,0.0,0.0,0.0,0.0,0.0,0.0,0.0,0.0,0.0,0.0,0.0,MQTT
8.0,17,32732.199157171843,0.0,0.0,0.0,0.0,0.0,0.0,0.0,0,0.0,0.0,0.0,0.0,0.0,0.0,0.0,0.0,0.0,0.0,0.0,DoS
31.72,6,47169.41070625281,0.23,0.13,0.11,0.17,0.83,0.0,0.0,11,0.0,0.0,0.0,0.0,0.0,0.0,0.0,0.0,0.0,0.0,0.0,MQTT
32.0,6,11696.982542249983,0.0,0.0,0.0,0.57,1.0,0.0,0.0,0,0.0,0.0,0.0,0.0,0.0,0.0,0.0,0.0,0.0,0.0,0.0,MQTT
24.0,6,358487.5213675214,0.0,1.0,0.0,0.0,0.0,0.0,0.0,0,0.0,0.0,0.0,0.0,0.0,0.0,0.0,0.0,0.0,0.0,0.0,Recon
29.6,6,6214.704400651948,0.0,0.0,0.0,0.5,0.9,0.0,0.0,0,0.0,0.0,0.0,0.0,0.0,0.0,0.0,0.0,0.0,0.0,0.0,Recon
24.0,6,117487.50700280113,0.0,1.0,0.0,0.0,0.0,0.0,0.0,0,0.0,0.0,0.0,0.0,0.0,0.0,0.0,0.0,0.0,0.0,0.0,Recon
0.0,1,18179.19556171984,0.0,0.0,0.0,0.0,0.0,0.0,0.0,0,0.0,0.0,0.0,0.0,0.0,0.0,0.0,0.0,0.0,1.0,0.0,DoS
0.0,0,122.58813488978387,0.0,0.0,0.0,0.0,0.0,0.0,0.0,0,0.0,0.0,0.0,0.0,0.0,0.0,0.0,0.0,1.0,0.0,0.0,Spoofing
8.0,17,26095.340011198907,0.0,0.0,0.0,0.0,0.0,0.0,0.0,0,0.0,0.0,0.0,0.0,0.0,0.0,0.0,0.0,0.0,0.0,0.0,DoS
8.0,17,32829.55541640576,0.0,0.0,0.0,0.0,0.0,0.0,0.0,0,0.0,0.0,0.0,0.0,0.0,0.0,0.0,0.0,0.0,0.0,0.0,DoS
0.0,1,57049.836779107725,0.0,0.0,0.0,0.0,0.0,0.0,0.0,0,0.0,0.0,0.0,0.0,0.0,0.0,0.0,0.0,0.0,1.0,0.0,DoS
8.0,17,75983.76811594203,0.0,0.0,0.0,0.0,0.0,0.0,0.0,0,0.0,0.0,0.0,0.0,0.0,0.0,0.0,0.0,0.0,0.0,0.0,DDoS
31.16,6,59.56969482898956,0.0,0.0,0.0,0.11,0.97,0.0,0.0,0,0.0,0.75,0.0,0.0,0.0,0.0,0.0,0.0,0.0,0.0,0.0,Benign
30.2,6,33.310603710535474,0.0,0.0,0.0,0.55,0.94,0.0,0.0,0,0.0,0.03,0.0,0.0,0.0,0.0,0.0,0.0,0.0,0.0,0.0,Benign
20.0,6,63444.32007260626,0.0,1.0,0.0,0.0,0.0,0.0,0.0,0,0.0,0.0,0.0,0.0,0.0,0.0,0.0,0.0,0.0,0.0,0.0,DDoS
0.08,1,158754.882664648,0.0,0.0,0.0,0.0,0.0,0.0,0.0,0,0.0,0.0,0.0,0.0,0.0,0.0,0.0,0.0,0.0,0.99,0.0,DDoS
25.6,6,20.006734253744945,0.0,0.0,0.0,0.39,0.78,0.0,0.0,0,0.0,0.0,0.02,0.0,0.0,0.0,0.0,0.0,0.14,0.0,0.0,Benign
32.0,6,7458.264132154987,0.0,0.0,0.0,0.8,1.0,0.0,0.0,0,0.0,0.0,0.0,0.0,0.0,0.0,0.0,0.0,0.0,0.0,0.0,MQTT
8.0,17,3526.1067675493905,0.0,0.0,0.0,0.0,0.0,0.0,0.0,0,0.0,0.0,0.0,0.0,0.0,0.0,0.0,0.0,0.0,0.0,0.0,Spoofing
20.0,6,inf,0.0,0.0,1.0,0.0,1.0,0.0,0.0,10,0.0,0.0,0.0,0.0,0.0,0.0,0.0,0.0,0.0,0.0,0.0,Recon
24.0,6,142663.40136054423,0.0,1.0,0.0,0.0,0.0,0.0,0.0,0,0.0,0.0,0.0,0.0,0.0,0.0,0.0,0.0,0.0,0.0,0.0,Recon
20.0,6,67389.2030848329,0.0,0.68,0.32,0.0,0.0,0.0,0.0,32,0.0,0.0,0.0,0.0,0.0,0.0,0.0,0.0,0.0,0.0,0.0,DDoS
30.36,6,22.96604649876677,0.02,0.02,0.0,0.43,0.93,0.0,0.0,0,0.0,0.23,0.04,0.0,0.0,0.0,0.0,0.0,0.0,0.0,0.0,Benign
8.0,17,33670.25768644136,0.0,0.0,0.0,0.0,0.0,0.0,0.0,0,0.0,0.0,0.0,0.0,0.0,0.0,0.0,0.0,0.0,0.0,0.0,DoS
20.0,6,3724.2976380749424,0.0,0.0,1.0,0.0,1.0,0.0,0.0,10,0.0,0.0,0.0,0.0,0.0,0.0,0.0,0.0,0.0,0.0,0.0,Recon
32.0,6,8012.042024832855,0.0,0.0,0.0,0.5,1.0,0.0,0.0,0,0.0,0.0,0.0,0.0,0.0,0.0,0.0,0.0,0.0,0.0,0.0,Spoofing
31.76,6,620.744750913512,0.0,0.0,0.0,0.43,0.99,0.0,0.0,0,0.99,0.0,0.0,0.0,0.0,0.0,0.0,0.0,0.0,0.0,0.0,Benign
31.28,6,16.669042581547895,0.0,0.0,0.0,0.49,0.97,0.0,0.0,0,0.0,0.0,0.0,0.0,0.0,0.0,0.0,0.0,0.0,0.0,0.0,Benign
32.0,6,40021.98473282443,0.0,0.0,0.0,0.0,1.0,0.0,0.0,0,0.0,0.0,0.0,0.0,0.0,0.0,0.0,0.0,0.0,0.0,0.0,Recon
8.0,17,7245.925542022976,0.0,0.0,0.0,0.0,0.0,0.0,0.0,0,0.0,0.0,0.0,0.0,0.0,0.0,0.0,0.0,0.0,0.0,0.0,DoS
24.8,6,132.85684872711838,0.0,0.0,0.0,0.4,0.7,0.0,0.0,0,0.0,0.0,0.0,0.0,0.0,0.0,0.0,0.0,0.0,0.0,0.0,Spoofing
20.0,6,169809.87854251012,0.0,0.0,1.0,0.0,1.0,0.0,0.0,10,0.0,0.0,0.0,0.0,0.0,0.0,0.0,0.0,0.0,0.0,0.0,Recon
34.88,6,106481.44199035288,0.21,0.36,0.0,0.22,0.72,0.0,0.0,0,0.0,0.0,0.0,0.0,0.0,0.0,0.0,0.0,0.0,0.0,0.0,MQTT
20.0,6,inf,0.0,0.0,1.0,0.0,1.0,0.0,0.0,10,0.0,0.0,0.0,0.0,0.0,0.0,0.0,0.0,0.0,0.0,0.0,Recon
20.0,6,28449.460761039136,0.0,0.0,0.0,0.0,0.0,0.0,0.0,0,0.0,0.0,0.0,0.0,0.0,0.0,0.0,0.0,0.0,0.0,0.0,DoS
29.92,6,20.991574300507992,0.0,0.0,0.0,0.46,0.93,0.0,0.0,0,0.0,0.02,0.02,0.0,0.0,0.0,0.0,0.0,0.02,0.0,0.0,Benign
34.72,6,32981.866792482506,0.28,0.34,0.0,0.19,1.0,0.0,0.0,0,0.0,0.0,0.0,0.0,0.0,0.0,0.0,0.0,0.0,0.0,0.0,MQTT
20.0,6,22633.98629323836,0.0,1.0,0.0,0.0,0.0,0.0,0.0,0,0.0,0.0,0.0,0.0,0.0,0.0,0.0,0.0,0.0,0.0,0.0,DDoS
0.08,1,54085.15796260477,0.0,0.0,0.0,0.0,0.0,0.0,0.0,0,0.0,0.0,0.0,0.0,0.0,0.0,0.0,0.0,0.0,0.99,0.0,DoS
8.0,17,28193.21099684076,0.0,0.0,0.0,0.0,0.0,0.0,0.0,0,0.0,0.0,0.0,0.0,0.0,0.0,0.0,0.0,0.0,0.0,0.0,DoS
8.0,17,235.08432492419445,0.0,0.0,0.0,0.0,0.0,0.0,0.0,0,0.0,0.0,0.0,0.0,0.0,0.0,0.0,0.0,0.0,0.0,0.0,Spoofing
8.24,17,30470.788231020702,0.0,0.0,0.0,0.01,0.01,0.0,0.0,0,0.0,0.0,0.0,0.0,0.0,0.0,0.0,0.0,0.0,0.0,0.0,DoS
20.0,6,50177.10252422539,0.0,0.0,0.0,0.0,0.0,0.0,0.0,0,0.0,0.0,0.0,0.0,0.0,0.0,0.0,0.0,0.0,0.0,0.0,DDoS
33.76,6,15728.443394457569,0.22,0.22,0.01,0.26,0.97,0.0,0.0,1,0.0,0.0,0.0,0.0,0.0,0.0,0.0,0.0,0.0,0.0,0.0,MQTT
20.0,6,18611.572594959176,0.0,0.0,0.0,0.0,0.0,0.0,0.0,0,0.0,0.0,0.0,0.0,0.0,0.0,0.0,0.0,0.0,0.0,0.0,DoS
20.0,6,5896.673696049487,0.0,0.0,1.0,0.0,1.0,0.0,0.0,10,0.0,0.0,0.0,0.0,0.0,0.0,0.0,0.0,0.0,0.0,0.0,Recon
0.0,1,23861.099101149164,0.0,0.0,0.0,0.0,0.0,0.0,0.0,0,0.0,0.0,0.0,0.0,0.0,0.0,0.0,0.0,0.0,1.0,0.0,DoS
27.8,6,22.201516189073125,0.01,0.0,0.01,0.43,0.86,0.0,0.0,1,0.0,0.05,0.02,0.0,0.0,0.0,0.0,0.0,0.09,0.0,0.0,Benign
8.0,17,63167.22891566265,0.0,0.0,0.0,0.0,0.0,0.0,0.0,0,0.0,0.0,0.0,0.0,0.0,0.0,0.0,0.0,0.0,0.0,0.0,DDoS
8.0,17,226.30078449568904,0.0,0.0,0.0,0.0,0.0,0.0,0.0,0,0.0,0.0,0.0,0.0,0.0,0.0,0.0,0.0,0.0,0.0,0.0,Spoofing
30.2,6,32248.992772566507,0.03,0.24,0.31,0.03,0.63,0.0,0.0,31,0.0,0.0,0.0,0.0,0.0,0.0,0.0,0.0,0.0,0.0,0.0,MQTT
19.88,6,27963.890926061737,0.0,0.0,0.0,0.0,0.0,0.0,0.0,0,0.0,0.0,0.0,0.0,0.0,0.0,0.0,0.0,0.0,0.0,0.0,DoS
32.0,6,25.82011077095824,0.0,0.0,0.0,0.5,1.0,0.0,0.0,0,0.0,1.0,0.0,0.0,0.0,0.0,0.0,0.0,0.0,0.0,0.0,Spoofing
31.52,6,6109.8706444470345,0.0,0.0,0.0,0.38,0.98,0.0,0.0,0,0.89,0.09,0.0,0.0,0.0,0.0,0.0,0.0,0.0,0.0,0.0,Benign
20.0,6,15367.691349430255,0.0,0.0,0.0,0.0,0.0,0.0,0.0,0,0.0,0.0,0.0,0.0,0.0,0.0,0.0,0.0,0.0,0.0,0.0,DoS
20.0,6,782.5340025000467,0.0,0.0,0.0,0.9,1.0,0.0,0.0,0,0.0,1.0,0.0,0.0,0.0,0.0,0.0,0.0,0.0,0.0,0.0,Spoofing
8.0,17,143.18207110792497,0.0,0.0,0.0,0.0,0.0,0.0,0.0,0,0.0,0.0,0.0,0.0,0.0,0.0,0.0,0.0,0.0,0.0,0.0,Spoofing
0.0,1,18608.26974267968,0.0,0.0,0.0,0.0,0.0,0.0,0.0,0,0.0,0.0,0.0,0.0,0.0,0.0,0.0,0.0,0.0,1.0,0.0,DoS
8.0,17,42573.12220868859,0.0,0.0,0.0,0.0,0.0,0.0,0.0,0,0.0,0.0,0.0,0.0,0.0,0.0,0.0,0.0,0.0,0.0,0.0,DDoS
30.44,6,20.300528656373743,0.01,0.01,0.02,0.45,0.93,0.0,0.0,2,0.0,0.17,0.02,0.0,0.0,0.0,0.0,0.0,0.01,0.0,0.0,Benign
8.0,17,37299.27967985771,0.0,0.0,0.0,0.0,0.0,0.0,0.0,0,0.0,0.0,0.0,0.0,0.0,0.0,0.0,0.0,0.0,0.0,0.0,DDoS
28.48,6,16.786652112885694,0.0,0.0,0.0,0.41,0.88,0.0,0.0,0,0.0,0.0,0.0,0.0,0.0,0.0,0.0,0.0,0.08,0.0,0.0,Benign
30.32,6,10471.1004593569,0.01,0.0,0.14,0.57,0.86,0.0,0.0,14,0.0,0.0,0.0,0.0,0.0,0.0,0.0,0.0,0.0,0.0,0.0,MQTT
32.96,6,26672.83942766296,0.19,0.21,0.09,0.28,0.89,0.0,0.0,9,0.0,0.0,0.0,0.0,0.0,0.0,0.0,0.0,0.0,0.0,0.0,MQTT
8.0,17,13350.853068500128,0.0,0.0,0.0,0.0,0.0,0.0,0.0,0,0.0,0.0,0.0,0.0,0.0,0.0,0.0,0.0,0.0,0.0,0.0,DoS
24.0,6,178481.02127659574,0.0,1.0,0.0,0.0,0.0,0.0,0.0,0,0.0,0.0,0.0,0.0,0.0,0.0,0.0,0.0,0.0,0.0,0.0,Recon
8.0,17,186.5005446986372,0.0,0.0,0.0,0.0,0.0,0.0,0.0,0,0.0,0.0,0.0,0.0,0.0,0.0,0.0,0.0,0.0,0.0,0.0,Spoofing
8.0,17,22381.558164354323,0.0,0.0,0.0,0.0,0.0,0.0,0.0,0,0.0,0.0,0.0,0.0,0.0,0.0,0.0,0.0,0.0,0.0,0.0,DoS
20.0,6,12807.42618095209,0.0,0.0,0.0,0.0,0.0,0.0,0.0,0,0.0,0.0,0.0,0.0,0.0,0.0,0.0,0.0,0.0,0.0,0.0,DoS
29.04,6,20.16633181154433,0.0,0.0,0.0,0.37,0.9,0.0,0.0,0,0.0,0.01,0.0,0.0,0.0,0.0,0.0,0.0,0.07,0.0,0.0,Benign
20.0,6,33511.5372323426,0.0,0.0,0.0,0.0,0.0,0.0,0.0,0,0.0,0.0,0.0,0.0,0.0,0.0,0.0,0.0,0.0,0.0,0.0,DoS
20.0,6,inf,0.0,0.0,1.0,0.0,1.0,0.0,0.0,10,0.0,0.0,0.0,0.0,0.0,0.0,0.0,0.0,0.0,0.0,0.0,Recon
11.6,17,78.38629382114456,0.0,0.0,0.0,0.08,0.16,0.0,0.0,0,0.0,0.0,0.0,0.0,0.0,0.0,0.0,0.0,0.0,0.03,0.0,Benign
20.0,6,64806.92212608158,0.0,1.0,0.0,0.0,0.0,0.0,0.0,0,0.0,0.0,0.0,0.0,0.0,0.0,0.0,0.0,0.0,0.0,0.0,DDoS
32.0,6,965.3618118210276,0.0,0.0,0.0,0.3,1.0,0.0,0.0,0,0.0,0.4,0.0,0.0,0.0,0.0,0.0,0.0,0.0,0.0,0.0,Spoofing
31.32,6,24443.755463605103,0.29,0.11,0.13,0.21,0.86,0.0,0.0,13,0.0,0.0,0.0,0.0,0.0,0.0,0.0,0.0,0.0,0.0,0.0,MQTT
8.0,17,71894.1378128214,0.0,0.0,0.0,0.0,0.0,0.0,0.0,0,0.0,0.0,0.0,0.0,0.0,0.0,0.0,0.0,0.0,0.0,0.0,DDoS
31.04,6,102150.6088650755,0.32,0.18,0.2,0.12,0.72,0.0,0.0,20,0.0,0.0,0.0,0.0,0.0,0.0,0.0,0.0,0.0,0.0,0.0,MQTT
8.0,17,12434.567608431413,0.0,0.0,0.0,0.0,0.0,0.0,0.0,0,0.0,0.0,0.0,0.0,0.0,0.0,0.0,0.0,0.0,0.0,0.0,DoS
27.2,6,677.0575796219471,0.0,0.0,0.0,0.4,0.8,0.0,0.0,0,0.0,0.0,0.0,0.0,0.0,0.0,0.0,0.0,0.0,0.0,0.0,Spoofing
8.0,17,26329.5919648462,0.0,0.0,0.0,0.0,0.0,0.0,0.0,0,0.0,0.0,0.0,0.0,0.0,0.0,0.0,0.0,0.0,0.0,0.0,DoS
23.6,6,2166.367439698363,0.0,0.9,0.1,0.0,0.1,0.0,0.0,1,0.0,0.0,0.0,0.0,0.0,0.0,0.0,0.0,0.0,0.0,0.0,Recon
24.0,6,9304.13487133984,0.0,1.0,0.0,0.0,0.0,0.0,0.0,0,0.0,0.0,0.0,0.0,0.0,0.0,0.0,0.0,0.0,0.0,0.0,Recon
0.0,0,105.4030608398462,0.0,0.0,0.0,0.0,0.0,0.0,0.0,0,0.0,0.0,0.0,0.0,0.0,0.0,0.0,0.0,1.0,0.0,0.0,Spoofing
32.0,6,13227.07032481867,0.0,0.0,0.0,0.7,1.0,0.0,0.0,0,0.0,0.0,0.0,0.0,0.0,0.0,0.0,0.0,0.0,0.0,0.0,Spoofing
8.0,17,70279.8927613941,0.0,0.0,0.0,0.0,0.0,0.0,0.0,0,0.0,0.0,0.0,0.0,0.0,0.0,0.0,0.0,0.0,0.0,0.0,DDoS
29.84,6,19.999204667249085,0.0,0.0,0.0,0.47,0.91,0.0,0.0,0,0.0,0.01,0.0,0.0,0.0,0.0,0.0,0.03,0.0,0.0,0.0,Benign
8.0,17,57701.251891594446,0.0,0.0,0.0,0.0,0.0,0.0,0.0,0,0.0,0.0,0.0,0.0,0.0,0.0,0.0,0.0,0.0,0.0,0.0,DDoS
24.0,6,20702.38894373149,0.0,1.0,0.0,0.0,0.0,0.0,0.0,0,0.0,0.0,0.0,0.0,0.0,0.0,0.0,0.0,0.0,0.0,0.0,Recon
8.0,17,51.61877241389495,0.0,0.0,0.0,0.0,0.0,0.0,0.0,0,0.0,0.0,0.0,0.0,0.0,0.0,0.0,0.0,0.0,0.0,0.0,Spoofing
20.0,6,48472.25239801225,0.0,1.0,0.0,0.0,0.0,0.0,0.0,0,0.0,0.0,0.0,0.0,0.0,0.0,0.0,0.0,0.0,0.0,0.0,DDoS
0.0,1,23952.395637028152,0.0,0.0,0.0,0.0,0.0,0.0,0.0,0,0.0,0.0,0.0,0.0,0.0,0.0,0.0,0.0,0.0,1.0,0.0,DDoS
8.0,17,205703.97253555665,0.0,0.0,0.0,0.0,0.0,0.0,0.0,0,0.0,0.0,0.0,0.0,0.0,0.0,0.0,0.0,0.0,0.0,0.0,DDoS
30.76,6,18.91458276728609,0.0,0.0,0.0,0.47,0.96,0.0,0.0,0,0.0,0.04,0.0,0.0,0.0,0.0,0.0,0.0,0.02,0.0,0.0,Benign
31.16,6,55253.64247134765,0.13,0.15,0.19,0.14,0.68,0.0,0.0,19,0.0,0.0,0.0,0.0,0.0,0.0,0.0,0.0,0.0,0.0,0.0,MQTT
24.0,6,665762.5396825396,0.0,1.0,0.0,0.0,0.0,0.0,0.0,0,0.0,0.0,0.0,0.0,0.0,0.0,0.0,0.0,0.0,0.0,0.0,Recon
20.0,6,60.16660091950396,0.0,0.0,0.0,0.7,1.0,0.0,0.0,0,0.0,1.0,0.0,0.0,0.0,0.0,0.0,0.0,0.0,0.0,0.0,Spoofing
31.76,6,2625.920476813564,0.0,0.0,0.0,0.5,0.99,0.0,0.0,0,0.0,0.0,0.0,0.0,0.0,0.0,0.0,0.0,0.0,0.0,0.0,MQTT
32.8,6,60.13520120319035,0.0,0.1,0.0,0.6,0.9,0.0,0.0,0,0.0,1.0,0.0,0.0,0.0,0.0,0.0,0.0,0.0,0.0,0.0,Spoofing
31.04,6,19.995889554983545,0.0,0.0,0.0,0.48,0.96,0.0,0.0,0,0.0,0.0,0.0,0.0,0.0,0.0,0.0,0.0,0.0,0.0,0.0,Benign
32.0,6,14634.696441032798,0.0,0.0,0.0,0.65,1.0,0.0,0.0,0,0.0,0.0,0.0,0.0,0.0,0.0,0.0,0.0,0.0,0.0,0.0,MQTT
32.0,6,10311.495722293244,0.0,0.0,0.0,0.6,1.0,0.0,0.0,0,0.0,0.0,0.0,0.0,0.0,0.0,0.0,0.0,0.0,0.0,0.0,MQTT
31.92,6,29861.19891784138,0.19,0.14,0.1,0.25,0.82,0.0,0.0,10,0.0,0.0,0.0,0.0,0.0,0.0,0.0,0.0,0.0,0.0,0.0,MQTT
32.0,6,18149.303331890955,0.0,0.0,0.0,0.0,1.0,0.0,0.0,0,0.0,1.0,0.0,0.0,0.0,0.0,0.0,0.0,0.0,0.0,0.0,Spoofing
0.0,1,33816.85076191244,0.0,0.0,0.0,0.0,0.0,0.0,0.0,0,0.0,0.0,0.0,0.0,0.0,0.0,0.0,0.0,0.0,1.0,0.0,DoS
26.0,6,44.82233730371612,0.1,0.0,0.0,0.5,0.8,0.0,0.0,0,0.0,0.0,0.1,0.0,0.0,0.0,0.0,0.0,0.0,0.0,0.0,Spoofing
31.8,6,42141.10318496935,0.22,0.32,0.23,0.17,0.45,0.0,0.0,23,0.0,0.0,0.0,0.0,0.0,0.0,0.0,0.0,0.0,0.0,0.0,MQTT
31.64,6,33.460146660334644,0.0,0.0,0.0,0.3,0.99,0.0,0.0,0,0.0,0.43,0.0,0.0,0.0,0.0,0.0,0.0,0.0,0.0,0.0,Benign
29.76,6,47891.11669330898,0.24,0.05,0.22,0.24,0.73,0.0,0.0,22,0.0,0.0,0.0,0.0,0.0,0.0,0.0,0.0,0.0,0.0,0.0,MQTT
8.0,17,394.96247469278217,0.0,0.0,0.0,0.0,0.0,0.0,0.0,0,0.0,0.0,0.0,0.0,0.0,0.0,0.0,0.0,0.0,0.0,0.0,Spoofing
31.2,6,9.997192217723732,0.0,0.1,0.0,0.5,0.9,0.0,0.0,0,0.0,0.1,0.0,0.0,0.0,0.0,0.0,0.0,0.0,0.0,0.0,Spoofing
8.0,17,16826.348938901592,0.0,0.0,0.0,0.0,0.0,0.0,0.0,0,0.0,0.0,0.0,0.0,0.0,0.0,0.0,0.0,0.0,0.0,0.0,DoS
20.0,6,43956.235590023054,0.0,0.0,0.0,0.0,0.0,0.0,0.0,0,0.0,0.0,0.0,0.0,0.0,0.0,0.0,0.0,0.0,0.0,0.0,DDoS
19.88,6,32625.264467952707,0.0,0.0,0.0,0.0,0.0,0.0,0.0,0,0.0,0.0,0.0,0.0,0.0,0.0,0.0,0.0,0.0,0.0,0.0,DoS
24.0,6,892405.1063829787,0.0,1.0,0.0,0.0,0.0,0.0,0.0,0,0.0,0.0,0.0,0.0,0.0,0.0,0.0,0.0,0.0,0.0,0.0,Recon
20.0,6,inf,0.0,0.0,1.0,0.0,1.0,0.0,0.0,10,0.0,0.0,0.0,0.0,0.0,0.0,0.0,0.0,0.0,0.0,0.0,Recon
29.6,6,1588.2702211451076,0.0,0.0,0.0,0.1,0.9,0.0,0.0,0,0.0,0.9,0.0,0.0,0.0,0.0,0.0,0.0,0.0,0.0,0.0,Spoofing
20.0,6,inf,0.0,0.0,1.0,0.0,1.0,0.0,0.0,10,0.0,0.0,0.0,0.0,0.0,0.0,0.0,0.0,0.0,0.0,0.0,Recon
8.0,17,155748.38470107687,0.0,0.0,0.0,0.0,0.0,0.0,0.0,0,0.0,0.0,0.0,0.0,0.0,0.0,0.0,0.0,0.0,0.0,0.0,DDoS
8.0,17,140842.98186702485,0.0,0.0,0.0,0.0,0.0,0.0,0.0,0,0.0,0.0,0.0,0.0,0.0,0.0,0.0,0.0,0.0,0.0,0.0,DDoS
33.04,6,17867.10969116081,0.23,0.31,0.17,0.27,0.59,0.0,0.0,17,0.0,0.0,0.0,0.0,0.0,0.0,0.0,0.0,0.0,0.0,0.0,MQTT
32.0,6,21997.713326690093,0.0,0.0,0.0,0.06,1.0,0.0,0.0,0,0.0,0.0,0.0,0.0,0.0,0.0,0.0,0.0,0.0,0.0,0.0,MQTT
0.0,1,23238.42872181284,0.0,0.0,0.0,0.0,0.0,0.0,0.0,0,0.0,0.0,0.0,0.0,0.0,0.0,0.0,0.0,0.0,1.0,0.0,DoS
0.0,1,36911.94226876705,0.0,0.0,0.0,0.0,0.0,0.0,0.0,0,0.0,0.0,0.0,0.0,0.0,0.0,0.0,0.0,0.0,1.0,0.0,DDoS
20.24,6,17123.102674015106,0.0,0.68,0.29,0.01,0.05,0.0,0.0,29,0.0,0.02,0.0,0.0,0.0,0.0,0.0,0.0,0.0,0.0,0.0,DoS
24.0,6,217321.4507772021,0.0,1.0,0.0,0.0,0.0,0.0,0.0,0,0.0,0.0,0.0,0.0,0.0,0.0,0.0,0.0,0.0,0.0,0.0,Recon
32.0,6,9889.893892949776,0.0,0.0,0.0,0.5,1.0,0.0,0.0,0,0.0,0.0,0.0,0.0,0.0,0.0,0.0,0.0,0.0,0.0,0.0,Spoofing
24.2,6,51980.468459536496,0.04,0.06,0.69,0.2,0.25,0.0,0.0,69,0.0,0.0,0.0,0.0,0.0,0.0,0.0,0.0,0.0,0.0,0.0,MQTT
20.0,6,25177.405606579025,0.0,0.0,0.0,0.0,0.0,0.0,0.0,0,0.0,0.0,0.0,0.0,0.0,0.0,0.0,0.0,0.0,0.0,0.0,DoS
30.2,6,16.84123762801816,0.0,0.0,0.0,0.47,0.94,0.0,0.0,0,0.0,0.03,0.0,0.0,0.0,0.0,0.0,0.0,0.03,0.0,0.0,Benign
20.0,6,49478.63631001533,0.0,0.0,0.0,0.0,0.0,0.0,0.0,0,0.0,0.0,0.0,0.0,0.0,0.0,0.0,0.0,0.0,0.0,0.0,DoS
31.28,6,80258.4003061615,0.16,0.21,0.2,0.25,0.62,0.0,0.0,20,0.0,0.0,0.0,0.0,0.0,0.0,0.0,0.0,0.0,0.0,0.0,MQTT
20.0,6,37272.76281880387,0.0,0.0,0.0,0.0,0.0,0.0,0.0,0,0.0,0.0,0.0,0.0,0.0,0.0,0.0,0.0,0.0,0.0,0.0,DoS
27.96,6,19.994062279707048,0.0,0.0,0.0,0.43,0.87,0.0,0.0,0,0.0,0.01,0.0,0.0,0.0,0.0,0.0,0.0,0.1,0.0,0.0,Benign
8.0,17,18416.2634467618,0.0,0.0,0.0,0.0,0.0,0.0,0.0,0,0.0,0.0,0.0,0.0,0.0,0.0,0.0,0.0,0.0,0.0,0.0,DoS
8.0,17,47.04734791762712,0.0,0.0,0.0,0.0,0.0,0.0,0.0,0,0.0,0.0,0.0,0.0,0.0,0.0,0.0,0.0,0.0,0.0,0.0,Spoofing
0.0,1,28183.73874479237,0.0,0.0,0.0,0.0,0.0,0.0,0.0,0,0.0,0.0,0.0,0.0,0.0,0.0,0.0,0.0,0.0,1.0,0.0,DoS
7.76,17,97451.30111524164,0.0,0.0,0.0,0.0,0.0,0.0,0.0,0,0.0,0.0,0.0,0.0,0.0,0.0,0.0,0.0,0.0,0.03,0.0,DDoS
28.6,6,16.67299113167695,0.0,0.0,0.0,0.45,0.89,0.0,0.0,0,0.0,0.02,0.0,0.0,0.0,0.0,0.0,0.0,0.08,0.0,0.0,Benign
8.0,17,23541.022618847168,0.0,0.0,0.0,0.0,0.0,0.0,0.0,0,0.0,0.0,0.0,0.0,0.0,0.0,0.0,0.0,0.0,0.0,0.0,DoS
34.32,6,11852.66905925905,0.2,0.29,0.0,0.18,0.79,0.0,0.0,0,0.0,0.0,0.0,0.0,0.0,0.0,0.0,0.0,0.0,0.0,0.0,MQTT
8.0,17,26001.51261546092,0.0,0.0,0.0,0.0,0.0,0.0,0.0,0,0.0,0.0,0.0,0.0,0.0,0.0,0.0,0.0,0.0,0.0,0.0,DoS
8.0,17,23809.627611262487,0.0,0.0,0.0,0.0,0.0,0.0,0.0,0,0.0,0.0,0.0,0.0,0.0,0.0,0.0,0.0,0.0,0.0,0.0,DoS
31.52,6,33.29668370331995,0.0,0.0,0.0,0.59,0.99,0.0,0.0,0,0.0,0.02,0.0,0.0,0.0,0.0,0.0,0.0,0.0,0.0,0.0,Benign
32.0,6,3193.9567468778555,0.0,0.0,0.0,0.0,1.0,0.0,0.0,0,0.0,1.0,0.0,0.0,0.0,0.0,0.0,0.0,0.0,0.0,0.0,Spoofing
26.96,6,6549.19975641366,0.04,0.03,0.44,0.36,0.56,0.0,0.0,44,0.0,0.0,0.0,0.0,0.0,0.0,0.0,0.0,0.0,0.0,0.0,MQTT
21.64,6,16952.162315091748,0.0,0.68,0.31,0.0,0.44,0.0,0.0,31,0.0,0.0,0.0,0.0,0.0,0.0,0.0,0.0,0.0,0.0,0.0,DoS
21.52,6,37203.3351073266,0.0,0.76,0.24,0.0,0.38,0.0,0.0,24,0.0,0.0,0.0,0.0,0.0,0.0,0.0,0.0,0.0,0.0,0.0,DoS
20.0,6,4545.685488241032,0.0,0.0,1.0,0.0,1.0,0.0,0.0,10,0.0,0.0,0.0,0.0,0.0,0.0,0.0,0.0,0.0,0.0,0.0,Recon
8.0,17,278.2881938454597,0.0,0.0,0.0,0.0,0.0,0.0,0.0,0,0.0,0.0,0.0,0.0,0.0,0.0,0.0,0.0,0.0,0.0,0.0,Spoofing
26.32,6,20.01230424169981,0.0,0.0,0.0,0.41,0.81,0.0,0.0,0,0.0,0.02,0.0,0.0,0.0,0.0,0.0,0.01,0.14,0.0,0.0,Benign
31.76,6,29036.37244721357,0.17,0.15,0.14,0.29,0.8,0.0,0.0,14,0.0,0.0,0.0,0.0,0.0,0.0,0.0,0.0,0.0,0.0,0.0,MQTT
8.0,17,157.44088887220585,0.0,0.0,0.0,0.0,0.0,0.0,0.0,0,0.0,0.0,0.0,0.0,0.0,0.0,0.0,0.0,0.0,0.0,0.0,Spoofing
28.44,6,20.174285691335506,0.01,0.01,0.02,0.41,0.87,0.0,0.0,2,0.0,0.16,0.02,0.0,0.0,0.0,0.0,0.0,0.08,0.0,0.0,Benign
24.0,6,38164.73157415832,0.0,1.0,0.0,0.0,0.0,0.0,0.0,0,0.0,0.0,0.0,0.0,0.0,0.0,0.0,0.0,0.0,0.0,0.0,Recon
8.0,17,276.18271250502085,0.0,0.0,0.0,0.0,0.0,0.0,0.0,0,0.0,0.0,0.0,0.0,0.0,0.0,0.0,0.0,0.0,0.0,0.0,Spoofing
8.0,17,79815.49000951475,0.0,0.0,0.0,0.0,0.0,0.0,0.0,0,0.0,0.0,0.0,0.0,0.0,0.0,0.0,0.0,0.0,0.0,0.0,DDoS
28.84,6,5853.061680156294,0.0,0.13,0.35,0.2,0.65,0.0,0.0,35,0.0,0.0,0.0,0.0,0.0,0.0,0.0,0.0,0.0,0.0,0.0,MQTT
32.0,6,22517.335051269663,0.0,0.0,0.0,0.04,1.0,0.0,0.0,0,0.0,0.0,0.0,0.0,0.0,0.0,0.0,0.0,0.0,0.0,0.0,MQTT
8.0,17,16900.24981867999,0.0,0.0,0.0,0.0,0.0,0.0,0.0,0,0.0,0.0,0.0,0.0,0.0,0.0,0.0,0.0,0.0,0.0,0.0,DoS
8.0,17,485.0083835382,0.0,0.0,0.0,0.0,0.0,0.0,0.0,0,0.0,0.0,0.0,0.0,0.0,0.0,0.0,0.0,0.0,0.0,0.0,Spoofing
0.0,1,46126.73485098427,0.0,0.0,0.0,0.0,0.0,0.0,0.0,0,0.0,0.0,0.0,0.0,0.0,0.0,0.0,0.0,0.0,1.0,0.0,DDoS
22.0,6,31347.56352765321,0.0,0.5,0.5,0.0,0.5,0.0,0.0,5,0.0,0.0,0.0,0.0,0.0,0.0,0.0,0.0,0.0,0.0,0.0,Recon
8.0,17,46167.35277930655,0.0,0.0,0.0,0.0,0.0,0.0,0.0,0,0.0,0.0,0.0,0.0,0.0,0.0,0.0,0.0,0.0,0.0,0.0,DDoS
31.04,6,19.99648823422591,0.0,0.0,0.0,0.47,0.96,0.0,0.0,0,0.0,0.01,0.0,0.0,0.0,0.0,0.0,0.0,0.0,0.0,0.0,Benign
32.0,6,11028.935051275308,0.0,0.0,0.0,0.92,1.0,0.0,0.0,0,0.0,0.0,0.0,0.0,0.0,0.0,0.0,0.0,0.0,0.0,0.0,MQTT
19.2,6,5605.8593958834535,0.0,0.7,0.0,0.0,0.0,0.0,0.0,0,0.0,0.0,0.0,0.0,0.0,0.0,0.0,0.0,0.0,0.0,0.0,Recon
20.0,6,61581.32432829247,0.0,0.0,0.0,0.0,0.0,0.0,0.0,0,0.0,0.0,0.0,0.0,0.0,0.0,0.0,0.0,0.0,0.0,0.0,DDoS
29.88,6,21.018847087043543,0.0,0.01,0.02,0.45,0.92,0.0,0.0,2,0.0,0.13,0.0,0.0,0.0,0.0,0.0,0.0,0.05,0.0,0.0,Benign
8.0,17,86.08821658011945,0.0,0.0,0.0,0.0,0.0,0.0,0.0,0,0.0,0.0,0.0,0.0,0.0,0.0,0.0,0.0,0.0,0.0,0.0,Spoofing
0.0,1,5112.199402766774,0.0,0.0,0.0,0.0,0.0,0.0,0.0,0,0.0,0.0,0.0,0.0,0.0,0.0,0.0,0.0,0.0,1.0,0.0,DoS
0.0,1,23640.53657986698,0.0,0.0,0.0,0.0,0.0,0.0,0.0,0,0.0,0.0,0.0,0.0,0.0,0.0,0.0,0.0,0.0,1.0,0.0,DoS
32.0,6,7711.818783555196,0.0,0.0,0.0,0.61,1.0,0.0,0.0,0,0.0,0.0,0.0,0.0,0.0,0.0,0.0,0.0,0.0,0.0,0.0,MQTT
32.0,6,3348.7189723036145,0.0,0.0,0.0,0.32,1.0,0.0,0.0,0,0.0,0.0,0.0,0.0,0.0,0.0,0.0,0.0,0.0,0.0,0.0,MQTT
20.0,6,24887.58084614016,0.0,0.0,0.0,0.0,0.0,0.0,0.0,0,0.0,0.0,0.0,0.0,0.0,0.0,0.0,0.0,0.0,0.0,0.0,DDoS
30.28,6,9038.279532819031,0.05,0.07,0.19,0.31,0.79,0.0,0.0,19,0.0,0.0,0.0,0.0,0.0,0.0,0.0,0.0,0.0,0.0,0.0,MQTT
8.0,17,31695.79082596539,0.0,0.0,0.0,0.0,0.0,0.0,0.0,0,0.0,0.0,0.0,0.0,0.0,0.0,0.0,0.0,0.0,0.0,0.0,DoS
8.0,17,76580.31769216724,0.0,0.0,0.0,0.0,0.0,0.0,0.0,0,0.0,0.0,0.0,0.0,0.0,0.0,0.0,0.0,0.0,0.0,0.0,DDoS
0.0,1,79618.52695520122,0.0,0.0,0.0,0.0,0.0,0.0,0.0,0,0.0,0.0,0.0,0.0,0.0,0.0,0.0,0.0,0.0,1.0,0.0,DDoS
0.0,1,19646.37219541899,0.0,0.0,0.0,0.0,0.0,0.0,0.0,0,0.0,0.0,0.0,0.0,0.0,0.0,0.0,0.0,0.0,1.0,0.0,DDoS
26.56,6,23.136430507204924,0.0,0.0,0.0,0.4,0.82,0.0,0.0,0,0.0,0.01,0.01,0.0,0.0,0.0,0.0,0.01,0.14,0.0,0.0,Benign
0.0,1,27861.72445861565,0.0,0.0,0.0,0.0,0.0,0.0,0.0,0,0.0,0.0,0.0,0.0,0.0,0.0,0.0,0.0,0.0,1.0,0.0,DoS
31.28,6,1328.9894518711917,0.0,0.0,0.0,0.33,0.97,0.0,0.0,0,0.97,0.0,0.0,0.0,0.0,0.0,0.0,0.0,0.0,0.0,0.0,Benign
32.0,6,5359.447993866598,0.0,0.0,0.0,0.0,1.0,0.0,0.0,0,0.0,1.0,0.0,0.0,0.0,0.0,0.0,0.0,0.0,0.0,0.0,MQTT
0.0,1,24588.486340719897,0.0,0.0,0.0,0.0,0.0,0.0,0.0,0,0.0,0.0,0.0,0.0,0.0,0.0,0.0,0.0,0.0,1.0,0.0,DoS
32.0,6,2412.0443958824544,0.0,0.0,0.0,0.0,1.0,0.0,0.0,0,0.0,1.0,0.0,0.0,0.0,0.0,0.0,0.0,0.0,0.0,0.0,Spoofing
8.0,17,75193.68949444246,0.0,0.0,0.0,0.0,0.0,0.0,0.0,0,0.0,0.0,0.0,0.0,0.0,0.0,0.0,0.0,0.0,0.0,0.0,DDoS
32.0,6,5009.260608376826,0.0,0.0,0.0,0.47,1.0,0.0,0.0,0,0.0,0.0,0.0,0.0,0.0,0.0,0.0,0.0,0.0,0.0,0.0,MQTT
20.0,6,37878.65980312472,0.0,1.0,0.0,0.0,0.0,0.0,0.0,0,0.0,0.0,0.0,0.0,0.0,0.0,0.0,0.0,0.0,0.0,0.0,DDoS
20.0,6,19065.88481294604,0.0,0.0,0.0,0.0,0.0,0.0,0.0,0,0.0,0.0,0.0,0.0,0.0,0.0,0.0,0.0,0.0,0.0,0.0,DoS
31.76,6,32994.839521711765,0.22,0.21,0.16,0.25,0.69,0.0,0.0,16,0.0,0.0,0.0,0.0,0.0,0.0,0.0,0.0,0.0,0.0,0.0,MQTT
30.88,6,20881.728567161208,0.07,0.1,0.24,0.24,0.77,0.0,0.0,24,0.0,0.0,0.0,0.0,0.0,0.0,0.0,0.0,0.0,0.0,0.0,MQTT
31.28,6,16.665700465163443,0.0,0.0,0.0,0.49,0.97,0.0,0.0,0,0.0,0.02,0.0,0.0,0.0,0.0,0.0,0.0,0.0,0.0,0.0,Benign
30.28,6,29850.57291295993,0.05,0.16,0.28,0.16,0.68,0.0,0.0,28,0.0,0.0,0.0,0.0,0.0,0.0,0.0,0.0,0.0,0.0,0.0,MQTT
22.84,6,18453.53513133002,0.0,0.9,0.1,0.0,0.71,0.0,0.0,10,0.0,0.0,0.0,0.0,0.0,0.0,0.0,0.0,0.0,0.0,0.0,DoS
20.0,6,72729.391364661,0.0,0.0,0.0,0.0,0.0,0.0,0.0,0,0.0,0.0,0.0,0.0,0.0,0.0,0.0,0.0,0.0,0.0,0.0,DDoS
31.28,6,82.87991779793309,0.0,0.0,0.0,0.16,0.97,0.0,0.0,0,0.0,0.69,0.0,0.0,0.0,0.0,0.0,0.0,0.0,0.0,0.0,Benign
32.2,6,25913.159520573336,0.22,0.22,0.13,0.25,0.87,0.0,0.0,13,0.0,0.0,0.0,0.0,0.0,0.0,0.0,0.0,0.0,0.0,0.0,MQTT
21.92,6,1435.5009172302384,0.0,0.83,0.0,0.01,0.17,0.0,0.0,0,0.0,0.17,0.0,0.0,0.0,0.0,0.0,0.0,0.0,0.0,0.0,DoS
23.2,6,6556.673440675317,0.0,0.8,0.2,0.0,0.2,0.0,0.0,2,0.0,0.0,0.0,0.0,0.0,0.0,0.0,0.0,0.0,0.0,0.0,Recon
20.0,6,23827.21127080612,0.0,1.0,0.0,0.0,0.0,0.0,0.0,0,0.0,0.0,0.0,0.0,0.0,0.0,0.0,0.0,0.0,0.0,0.0,DoS
20.0,6,20572.41514616441,0.0,0.0,0.0,0.0,0.0,0.0,0.0,0,0.0,0.0,0.0,0.0,0.0,0.0,0.0,0.0,0.0,0.0,0.0,DoS
20.0,6,4516.803790652595,0.0,0.0,1.0,0.0,1.0,0.0,0.0,10,0.0,0.0,0.0,0.0,0.0,0.0,0.0,0.0,0.0,0.0,0.0,Recon
20.0,6,20291.74649250121,0.0,1.0,0.0,0.0,0.0,0.0,0.0,0,0.0,0.0,0.0,0.0,0.0,0.0,0.0,0.0,0.0,0.0,0.0,DDoS
8.0,17,1167.5167710508003,0.0,0.0,0.0,0.0,0.0,0.0,0.0,0,0.0,0.0,0.0,0.0,0.0,0.0,0.0,0.0,0.0,0.0,0.0,Spoofing
31.44,6,25.03580056974105,0.0,0.0,0.0,0.48,0.98,0.0,0.0,0,0.0,0.01,0.0,0.0,0.0,0.0,0.0,0.0,0.01,0.0,0.0,Benign
28.76,6,19.97366657699645,0.0,0.0,0.0,0.44,0.89,0.0,0.0,0,0.0,0.02,0.0,0.0,0.0,0.0,0.0,0.02,0.06,0.0,0.0,Benign
20.0,6,1032.5203091920637,0.0,0.0,1.0,0.0,1.0,0.0,0.0,10,0.0,0.0,0.0,0.0,0.0,0.0,0.0,0.0,0.0,0.0,0.0,Recon
20.0,6,1429.8438671848369,0.0,0.0,1.0,0.0,1.0,0.0,0.0,10,0.0,0.0,0.0,0.0,0.0,0.0,0.0,0.0,0.0,0.0,0.0,Recon
8.0,17,47.076760760985465,0.0,0.0,0.0,0.0,0.0,0.0,0.0,0,0.0,0.0,0.0,0.0,0.0,0.0,0.0,0.0,0.0,0.0,0.0,Spoofing
28.56,6,19955.77124369588,0.21,0.08,0.36,0.23,0.58,0.0,0.0,36,0.0,0.0,0.0,0.0,0.0,0.0,0.0,0.0,0.0,0.0,0.0,MQTT
32.0,6,14551.934219199944,0.0,0.0,0.0,0.57,1.0,0.0,0.0,0,0.0,0.0,0.0,0.0,0.0,0.0,0.0,0.0,0.0,0.0,0.0,MQTT
32.0,6,7096.961082910321,0.0,0.0,0.0,0.1,1.0,0.0,0.0,0,0.0,1.0,0.0,0.0,0.0,0.0,0.0,0.0,0.0,0.0,0.0,Spoofing
30.04,6,19.99490962874852,0.0,0.0,0.0,0.46,0.93,0.0,0.0,0,0.0,0.01,0.02,0.0,0.0,0.0,0.0,0.01,0.02,0.0,0.0,Benign
31.76,6,65700.25062656641,0.21,0.15,0.19,0.2,0.74,0.0,0.0,19,0.0,0.0,0.0,0.0,0.0,0.0,0.0,0.0,0.0,0.0,0.0,MQTT
32.56,6,71734.29108944758,0.27,0.16,0.06,0.16,0.81,0.0,0.0,6,0.0,0.0,0.0,0.0,0.0,0.0,0.0,0.0,0.0,0.0,0.0,MQTT
24.8,6,1458.5839476978715,0.0,0.0,0.0,0.0,0.7,0.0,0.0,0,0.0,0.7,0.0,0.0,0.0,0.0,0.0,0.0,0.0,0.0,0.0,Spoofing
6.4,17,87.17701221096388,0.0,0.0,0.0,0.0,0.0,0.0,0.0,0,0.0,0.0,0.0,0.0,0.0,0.0,0.0,0.0,0.2,0.0,0.0,Spoofing
8.0,17,28834.75869654888,0.0,0.0,0.0,0.0,0.0,0.0,0.0,0,0.0,0.0,0.0,0.0,0.0,0.0,0.0,0.0,0.0,0.0,0.0,DoS
28.4,6,16.671137551758164,0.0,0.0,0.0,0.43,0.88,0.0,0.0,0,0.0,0.01,0.0,0.0,0.0,0.0,0.0,0.0,0.09,0.0,0.0,Benign
0.0,1,71844.87838300788,0.0,0.0,0.0,0.0,0.0,0.0,0.0,0,0.0,0.0,0.0,0.0,0.0,0.0,0.0,0.0,0.0,1.0,0.0,DDoS
20.0,6,53281.30081300813,0.0,0.0,0.0,0.0,0.0,0.0,0.0,0,0.0,0.0,0.0,0.0,0.0,0.0,0.0,0.0,0.0,0.0,0.0,DDoS
8.0,17,154.6885983514356,0.0,0.0,0.0,0.0,0.0,0.0,0.0,0,0.0,0.0,0.0,0.0,0.0,0.0,0.0,0.0,0.0,0.0,0.0,Spoofing
32.0,6,7071.832743213623,0.0,0.0,0.0,0.0,1.0,0.0,0.0,0,0.0,1.0,0.0,0.0,0.0,0.0,0.0,0.0,0.0,0.0,0.0,Spoofing
8.0,17,78.22596227372253,0.0,0.0,0.0,0.0,0.0,0.0,0.0,0,0.0,0.0,0.0,0.0,0.0,0.0,0.0,0.0,0.0,0.0,0.0,Spoofing
23.2,6,76.073899148629,0.0,0.1,0.1,0.1,0.6,0.0,0.0,1,0.0,0.6,0.4,0.0,0.0,0.0,0.0,0.0,0.0,0.0,0.0,Spoofing
8.0,17,134389.74687600127,0.0,0.0,0.0,0.0,0.0,0.0,0.0,0,0.0,0.0,0.0,0.0,0.0,0.0,0.0,0.0,0.0,0.0,0.0,DDoS
32.0,6,4906.76649508657,0.0,0.0,0.0,0.0,1.0,0.0,0.0,0,0.0,1.0,0.0,0.0,0.0,0.0,0.0,0.0,0.0,0.0,0.0,Spoofing
32.0,6,5209.991925967332,0.0,0.0,0.0,0.42,1.0,0.0,0.0,0,0.0,0.0,0.0,0.0,0.0,0.0,0.0,0.0,0.0,0.0,0.0,MQTT
20.0,6,51044.225386394064,0.0,1.0,0.0,0.0,0.0,0.0,0.0,0,0.0,0.0,0.0,0.0,0.0,0.0,0.0,0.0,0.0,0.0,0.0,DDoS
31.12,6,24.97586109711589,0.01,0.01,0.0,0.47,0.96,0.0,0.0,0,0.0,0.15,0.02,0.0,0.0,0.0,0.0,0.0,0.0,0.0,0.0,Benign
20.0,6,inf,0.0,0.0,1.0,0.0,1.0,0.0,0.0,10,0.0,0.0,0.0,0.0,0.0,0.0,0.0,0.0,0.0,0.0,0.0,Recon
32.0,6,4924.1635164009485,0.0,0.0,0.0,0.48,1.0,0.0,0.0,0,0.0,0.0,0.0,0.0,0.0,0.0,0.0,0.0,0.0,0.0,0.0,MQTT
29.68,6,18.930011063821105,0.0,0.0,0.0,0.47,0.93,0.0,0.0,0,0.0,0.07,0.0,0.0,0.0,0.0,0.0,0.0,0.02,0.0,0.0,Benign
32.0,6,17084.741344195518,0.0,0.0,0.0,0.83,1.0,0.0,0.0,0,0.0,0.0,0.0,0.0,0.0,0.0,0.0,0.0,0.0,0.0,0.0,MQTT
32.0,6,7390.844052863436,0.0,0.0,0.0,0.0,1.0,0.0,0.0,0,0.0,1.0,0.0,0.0,0.0,0.0,0.0,0.0,0.0,0.0,0.0,Spoofing
8.0,17,71734.29108944758,0.0,0.0,0.0,0.0,0.0,0.0,0.0,0,0.0,0.0,0.0,0.0,0.0,0.0,0.0,0.0,0.0,0.0,0.0,DDoS
8.0,17,12712.708756402872,0.0,0.0,0.0,0.0,0.0,0.0,0.0,0,0.0,0.0,0.0,0.0,0.0,0.0,0.0,0.0,0.0,0.0,0.0,DoS
22.4,6,194.9968386208949,0.0,0.6,0.4,0.0,0.4,0.0,0.0,4,0.0,0.0,0.0,0.0,0.0,0.0,0.0,0.0,0.0,0.0,0.0,Recon
29.88,6,21262.820642806448,0.12,0.14,0.27,0.31,0.71,0.0,0.0,27,0.0,0.0,0.0,0.0,0.0,0.0,0.0,0.0,0.0,0.0,0.0,MQTT
32.0,6,2275.802495930548,0.0,0.0,0.0,0.0,1.0,0.0,0.0,0,0.0,1.0,0.0,0.0,0.0,0.0,0.0,0.0,0.0,0.0,0.0,Spoofing
32.96,6,9000.84551170626,0.05,0.21,0.14,0.18,0.87,0.0,0.0,14,0.0,0.0,0.0,0.0,0.0,0.0,0.0,0.0,0.0,0.0,0.0,MQTT
32.0,6,10.009689173231918,0.0,0.0,0.0,0.5,1.0,0.0,0.0,0,0.0,0.0,0.0,0.0,0.0,0.0,0.0,0.0,0.0,0.0,0.0,Spoofing
29.72,6,24.99546937809117,0.02,0.01,0.04,0.44,0.9,0.0,0.0,4,0.0,0.22,0.02,0.0,0.0,0.0,0.0,0.0,0.01,0.0,0.0,Benign
8.0,17,30599.722769387903,0.0,0.0,0.0,0.0,0.0,0.0,0.0,0,0.0,0.0,0.0,0.0,0.0,0.0,0.0,0.0,0.0,0.0,0.0,DoS
24.0,6,3000.217453505007,0.0,1.0,0.0,0.0,0.0,0.0,0.0,0,0.0,0.0,0.0,0.0,0.0,0.0,0.0,0.0,0.0,0.0,0.0,Recon
31.28,6,20.01756779361923,0.0,0.0,0.0,0.48,0.97,0.0,0.0,0,0.0,0.0,0.0,0.0,0.0,0.0,0.0,0.0,0.0,0.0,0.0,Benign
30.32,6,19.9979002296302,0.0,0.0,0.0,0.47,0.93,0.0,0.0,0,0.0,0.01,0.0,0.0,0.0,0.0,0.0,0.0,0.0,0.0,0.0,Benign
8.0,17,323.886979822238,0.0,0.0,0.0,0.0,0.0,0.0,0.0,0,0.0,0.0,0.0,0.0,0.0,0.0,0.0,0.0,0.0,0.0,0.0,Spoofing
20.0,6,64597.3201909749,0.0,1.0,0.0,0.0,0.0,0.0,0.0,0,0.0,0.0,0.0,0.0,0.0,0.0,0.0,0.0,0.0,0.0,0.0,DDoS
12.8,17,46.109291107290325,0.0,0.0,0.0,0.1,0.2,0.0,0.0,0,0.0,0.0,0.0,0.0,0.0,0.0,0.0,0.0,0.0,0.0,0.0,Spoofing
32.0,6,10.007525380862054,0.0,0.0,0.0,0.5,1.0,0.0,0.0,0,0.0,0.0,0.0,0.0,0.0,0.0,0.0,0.0,0.0,0.0,0.0,Recon
30.8,6,19.988358601953305,0.0,0.0,0.0,0.49,0.96,0.0,0.0,0,0.0,0.03,0.0,0.0,0.0,0.0,0.0,0.0,0.0,0.0,0.0,Benign
31.4,6,19.077533043494714,0.0,0.0,0.0,0.48,0.98,0.0,0.0,0,0.0,0.02,0.0,0.0,0.0,0.0,0.0,0.0,0.0,0.0,0.0,Benign
20.48,6,9373.793719968711,0.0,0.89,0.07,0.01,0.04,0.0,0.0,7,0.0,0.0,0.0,0.0,0.0,0.0,0.0,0.0,0.0,0.0,0.0,DoS
31.16,6,8252.28032896549,0.0,0.03,0.07,0.45,0.89,0.0,0.0,7,0.0,0.0,0.0,0.0,0.0,0.0,0.0,0.0,0.0,0.0,0.0,MQTT
24.0,6,257319.2638036809,0.0,1.0,0.0,0.0,0.0,0.0,0.0,0,0.0,0.0,0.0,0.0,0.0,0.0,0.0,0.0,0.0,0.0,0.0,Recon
20.0,6,35275.895710681245,0.0,0.0,0.0,0.0,0.0,0.0,0.0,0,0.0,0.0,0.0,0.0,0.0,0.0,0.0,0.0,0.0,0.0,0.0,DDoS
29.6,6,5080.925499697153,0.0,0.0,0.0,0.9,0.9,0.0,0.0,0,0.0,0.0,0.0,0.0,0.0,0.0,0.0,0.0,0.0,0.0,0.0,Spoofing
8.0,17,146.361263487012,0.0,0.0,0.0,0.0,0.0,0.0,0.0,0,0.0,0.0,0.0,0.0,0.0,0.0,0.0,0.0,0.0,0.0,0.0,Spoofing
19.76,6,14755.686895338613,0.0,0.0,0.98,0.0,0.0,0.0,0.0,98,0.0,0.0,0.0,0.0,0.0,0.0,0.0,0.0,0.0,0.0,0.0,DoS
32.0,6,13697.922926192032,0.0,0.0,0.0,0.5,1.0,0.0,0.0,0,0.0,0.0,0.0,0.0,0.0,0.0,0.0,0.0,0.0,0.0,0.0,Spoofing
8.0,17,13182.173612420642,0.0,0.0,0.0,0.0,0.0,0.0,0.0,0,0.0,0.0,0.0,0.0,0.0,0.0,0.0,0.0,0.0,0.0,0.0,DoS
32.0,6,11834.943566591422,0.0,0.0,0.0,0.5,1.0,0.0,0.0,0,0.0,0.0,0.0,0.0,0.0,0.0,0.0,0.0,0.0,0.0,0.0,Spoofing
20.0,6,169809.87854251012,0.0,0.0,1.0,0.0,1.0,0.0,0.0,10,0.0,0.0,0.0,0.0,0.0,0.0,0.0,0.0,0.0,0.0,0.0,Recon
30.84,6,5497.554198233151,0.0,0.02,0.11,0.6,0.87,0.0,0.0,11,0.0,0.0,0.0,0.0,0.0,0.0,0.0,0.0,0.0,0.0,0.0,MQTT
22.4,6,29147.35232800556,0.0,0.6,0.4,0.0,0.4,0.0,0.0,4,0.0,0.0,0.0,0.0,0.0,0.0,0.0,0.0,0.0,0.0,0.0,Recon
21.6,6,424.1597815644436,0.0,0.4,0.6,0.0,0.6,0.0,0.0,6,0.0,0.0,0.0,0.0,0.0,0.0,0.0,0.0,0.0,0.0,0.0,Recon
20.0,6,2344.10328061253,0.0,0.0,1.0,0.0,1.0,0.0,0.0,10,0.0,0.0,0.0,0.0,0.0,0.0,0.0,0.0,0.0,0.0,0.0,Recon
0.0,0,102.12424459345614,0.0,0.0,0.0,0.0,0.0,0.0,0.0,0,0.0,0.0,0.0,0.0,0.0,0.0,0.0,0.0,1.0,0.0,0.0,Spoofing
0.0,1,16144.978636591091,0.0,0.0,0.0,0.0,0.0,0.0,0.0,0,0.0,0.0,0.0,0.0,0.0,0.0,0.0,0.0,0.0,1.0,0.0,DoS
31.04,6,19.99941541473154,0.0,0.0,0.0,0.49,0.97,0.0,0.0,0,0.0,0.04,0.0,0.0,0.0,0.0,0.0,0.0,0.0,0.0,0.0,Benign
32.0,6,13019.319592748943,0.0,0.0,0.0,0.57,1.0,0.0,0.0,0,0.0,0.0,0.0,0.0,0.0,0.0,0.0,0.0,0.0,0.0,0.0,MQTT
29.44,6,43554.55867082036,0.12,0.16,0.33,0.21,0.6,0.0,0.0,33,0.0,0.0,0.0,0.0,0.0,0.0,0.0,0.0,0.0,0.0,0.0,MQTT
20.0,6,3643.925493466778,0.0,1.0,0.0,0.0,0.0,0.0,0.0,0,0.0,0.0,0.0,0.0,0.0,0.0,0.0,0.0,0.0,0.0,0.0,DoS
8.0,17,149.65333181098092,0.0,0.0,0.0,0.0,0.0,0.0,0.0,0,0.0,0.0,0.0,0.0,0.0,0.0,0.0,0.0,0.0,0.0,0.0,Spoofing
20.0,6,38067.74369214013,0.0,1.0,0.0,0.0,0.0,0.0,0.0,0,0.0,0.0,0.0,0.0,0.0,0.0,0.0,0.0,0.0,0.0,0.0,DoS
32.0,6,9846.246302643316,0.0,0.0,0.0,0.69,1.0,0.0,0.0,0,0.0,0.0,0.0,0.0,0.0,0.0,0.0,0.0,0.0,0.0,0.0,MQTT
31.52,6,96.00992534247123,0.0,0.0,0.0,0.53,0.99,0.0,0.0,0,0.0,0.02,0.0,0.0,0.0,0.0,0.0,0.0,0.0,0.0,0.0,Benign
8.0,17,158.1181012123771,0.0,0.0,0.0,0.0,0.0,0.0,0.0,0,0.0,0.0,0.0,0.0,0.0,0.0,0.0,0.0,0.0,0.0,0.0,Spoofing
0.0,1,55253.64247134765,0.0,0.0,0.0,0.0,0.0,0.0,0.0,0,0.0,0.0,0.0,0.0,0.0,0.0,0.0,0.0,0.0,1.0,0.0,DDoS
30.83636363636364,6,71243.5824583076,0.4363636363636363,0.1818181818181818,0.2181818181818181,0.0363636363636363,0.6363636363636364,0.0,0.0,12,0.0,0.0,0.0,0.0,0.0,0.0,0.0,0.0,0.0,0.0,0.0,MQTT
20.0,6,inf,0.0,0.0,1.0,0.0,1.0,0.0,0.0,10,0.0,0.0,0.0,0.0,0.0,0.0,0.0,0.0,0.0,0.0,0.0,Recon
9.6,0,20.29171704153308,0.0,0.0,0.0,0.2,0.3,0.0,0.0,0,0.0,0.0,0.0,0.0,0.0,0.0,0.0,0.0,0.7,0.0,0.0,Spoofing
31.16,6,33.370084972186454,0.0,0.0,0.0,0.26,0.97,0.0,0.0,0,0.0,0.45,0.0,0.0,0.0,0.0,0.0,0.0,0.0,0.0,0.0,Benign
32.0,6,263.77445585525527,0.0,0.0,0.0,0.1,1.0,0.0,0.0,0,0.0,0.0,0.0,0.0,0.0,0.0,0.0,0.0,0.0,0.0,0.0,Recon
24.0,6,98922.2641509434,0.0,1.0,0.0,0.0,0.0,0.0,0.0,0,0.0,0.0,0.0,0.0,0.0,0.0,0.0,0.0,0.0,0.0,0.0,Recon
8.0,17,70730.25295109612,0.0,0.0,0.0,0.0,0.0,0.0,0.0,0,0.0,0.0,0.0,0.0,0.0,0.0,0.0,0.0,0.0,0.0,0.0,DDoS
32.0,6,4342.379128274149,0.0,0.0,0.0,0.4,1.0,0.0,0.0,0,0.0,0.4,0.0,0.0,0.0,0.0,0.0,0.0,0.0,0.0,0.0,Spoofing
32.0,6,11208.12356367912,0.0,0.0,0.0,0.01,1.0,0.0,0.0,0,0.0,0.0,0.0,0.0,0.0,0.0,0.0,0.0,0.0,0.0,0.0,MQTT
29.52,6,20.003560700039543,0.0,0.0,0.0,0.52,0.91,0.0,0.0,0,0.0,0.03,0.0,0.0,0.0,0.0,0.0,0.01,0.01,0.0,0.0,Benign
17.76,6,203.5196546724609,0.0,0.14,0.0,0.12,0.32,0.0,0.0,0,0.06,0.24,0.0,0.0,0.0,0.0,0.0,0.0,0.0,0.18,0.0,Benign
8.0,17,46167.35277930655,0.0,0.0,0.0,0.0,0.0,0.0,0.0,0,0.0,0.0,0.0,0.0,0.0,0.0,0.0,0.0,0.0,0.0,0.0,DDoS
32.0,6,6631.310671936759,0.0,0.0,0.0,0.5,1.0,0.0,0.0,0,0.0,0.0,0.0,0.0,0.0,0.0,0.0,0.0,0.0,0.0,0.0,Spoofing
30.68,6,23.4555127476561,0.0,0.0,0.0,0.49,0.97,0.0,0.0,0,0.0,0.05,0.0,0.0,0.0,0.0,0.0,0.0,0.0,0.0,0.0,Benign
15.2,17,208.33291113462167,0.0,0.0,0.0,0.1,0.3,0.0,0.0,0,0.0,0.0,0.0,0.0,0.0,0.0,0.0,0.0,0.0,0.0,0.0,Spoofing
29.6,6,34447.3061760841,0.09,0.09,0.31,0.14,0.65,0.0,0.0,31,0.0,0.0,0.0,0.0,0.0,0.0,0.0,0.0,0.0,0.0,0.0,MQTT
10.4,17,176.51977391619076,0.1,0.0,0.0,0.1,0.1,0.0,0.0,0,0.0,0.1,0.0,0.0,0.0,0.0,0.0,0.0,0.0,0.0,0.0,Spoofing
26.72,6,21.198737609126542,0.0,0.01,0.0,0.35,0.78,0.0,0.0,0,0.0,0.16,0.02,0.0,0.0,0.0,0.0,0.0,0.01,0.0,0.0,Benign
31.24,6,9336.235948803562,0.02,0.01,0.07,0.7,0.93,0.0,0.0,7,0.0,0.0,0.0,0.0,0.0,0.0,0.0,0.0,0.0,0.0,0.0,MQTT
8.0,17,625.3901322558039,0.0,0.0,0.0,0.0,0.0,0.0,0.0,0,0.0,0.0,0.0,0.0,0.0,0.0,0.0,0.0,0.0,0.0,0.0,Spoofing
31.2,6,15244.253834411573,0.18,0.05,0.1,0.37,0.85,0.0,0.0,10,0.0,0.0,0.0,0.0,0.0,0.0,0.0,0.0,0.0,0.0,0.0,MQTT
0.0,1,78500.9170877784,0.0,0.0,0.0,0.0,0.0,0.0,0.0,0,0.0,0.0,0.0,0.0,0.0,0.0,0.0,0.0,0.0,1.0,0.0,DDoS
29.44,6,19.99798890311257,0.01,0.01,0.0,0.43,0.89,0.0,0.0,0,0.05,0.01,0.01,0.0,0.0,0.0,0.0,0.01,0.0,0.0,0.0,Benign
24.0,6,30660.11695906433,0.0,1.0,0.0,0.0,0.0,0.0,0.0,0,0.0,0.0,0.0,0.0,0.0,0.0,0.0,0.0,0.0,0.0,0.0,Recon
8.0,17,31869.189271331965,0.0,0.0,0.0,0.0,0.0,0.0,0.0,0,0.0,0.0,0.0,0.0,0.0,0.0,0.0,0.0,0.0,0.0,0.0,DoS
8.0,17,310.39488484992006,0.0,0.0,0.0,0.0,0.0,0.0,0.0,0,0.0,0.0,0.0,0.0,0.0,0.0,0.0,0.0,0.0,0.0,0.0,Spoofing
20.0,6,14920.507986197574,0.0,0.0,0.0,0.0,0.0,0.0,0.0,0,0.0,0.0,0.0,0.0,0.0,0.0,0.0,0.0,0.0,0.0,0.0,DoS
32.0,6,10381.940594059406,0.0,0.0,0.0,0.5,1.0,0.0,0.0,0,0.0,0.0,0.0,0.0,0.0,0.0,0.0,0.0,0.0,0.0,0.0,Spoofing
8.08,17,3549.3813996784293,0.0,0.0,0.0,0.01,0.05,0.0,0.0,0,0.0,0.02,0.0,0.0,0.0,0.0,0.0,0.0,0.0,0.17,0.0,DoS
8.0,17,47912.99977153301,0.0,0.0,0.0,0.0,0.0,0.0,0.0,0,0.0,0.0,0.0,0.0,0.0,0.0,0.0,0.0,0.0,0.0,0.0,DDoS
8.0,17,418.09667161754,0.0,0.0,0.0,0.0,0.0,0.0,0.0,0,0.0,0.0,0.0,0.0,0.0,0.0,0.0,0.0,0.0,0.0,0.0,Spoofing
29.0,6,16.67125682586616,0.0,0.0,0.0,0.45,0.9,0.0,0.0,0,0.0,0.01,0.0,0.0,0.0,0.0,0.0,0.0,0.06,0.0,0.0,Benign
24.0,6,243854.88372093023,0.0,1.0,0.0,0.0,0.0,0.0,0.0,0,0.0,0.0,0.0,0.0,0.0,0.0,0.0,0.0,0.0,0.0,0.0,Recon
18.8,6,5537.03498349835,0.0,0.0,0.9,0.0,0.9,0.0,0.0,9,0.0,0.0,0.0,0.0,0.0,0.0,0.0,0.0,0.0,0.0,0.0,Recon
30.32,6,33.29761416149522,0.0,0.0,0.0,0.54,0.94,0.0,0.0,0,0.0,0.03,0.0,0.0,0.0,0.0,0.0,0.0,0.0,0.0,0.0,Benign
20.0,6,70969.61082910321,0.0,0.0,0.0,0.0,0.0,0.0,0.0,0,0.0,0.0,0.0,0.0,0.0,0.0,0.0,0.0,0.0,0.0,0.0,DDoS
8.0,17,31507.69230769231,0.0,0.0,0.0,0.0,0.0,0.0,0.0,0,0.0,0.0,0.0,0.0,0.0,0.0,0.0,0.0,0.0,0.0,0.0,DoS
8.0,17,175.94516479506012,0.0,0.0,0.0,0.0,0.0,0.0,0.0,0,0.0,0.0,0.0,0.0,0.0,0.0,0.0,0.0,0.0,0.0,0.0,Spoofing
8.0,17,155.83402686957555,0.0,0.0,0.0,0.0,0.0,0.0,0.0,0,0.0,0.0,0.0,0.0,0.0,0.0,0.0,0.0,0.0,0.0,0.0,Spoofing
8.0,17,70670.66554338668,0.0,0.0,0.0,0.0,0.0,0.0,0.0,0,0.0,0.0,0.0,0.0,0.0,0.0,0.0,0.0,0.0,0.0,0.0,DDoS
27.56,6,13644.45022771633,0.02,0.0,0.37,0.38,0.63,0.0,0.0,37,0.0,0.0,0.0,0.0,0.0,0.0,0.0,0.0,0.0,0.0,0.0,MQTT
0.0,1,75072.56130302488,0.0,0.0,0.0,0.0,0.0,0.0,0.0,0,0.0,0.0,0.0,0.0,0.0,0.0,0.0,0.0,0.0,1.0,0.0,DDoS
32.0,6,7127.109600679694,0.0,0.0,0.0,0.0,1.0,0.0,0.0,0,0.0,1.0,0.0,0.0,0.0,0.0,0.0,0.0,0.0,0.0,0.0,Spoofing
30.92,6,48873.26963411792,0.13,0.24,0.25,0.16,0.55,0.0,0.0,25,0.0,0.0,0.0,0.0,0.0,0.0,0.0,0.0,0.0,0.0,0.0,MQTT
31.88,6,50.12317768430256,0.0,0.0,0.0,0.47,1.0,0.0,0.0,0,0.0,0.01,0.0,0.0,0.0,0.0,0.0,0.0,0.0,0.0,0.0,Benign
32.0,6,628.4637168671991,0.0,0.0,0.0,0.0,1.0,0.0,0.0,0,0.0,1.0,0.0,0.0,0.0,0.0,0.0,0.0,0.0,0.0,0.0,Spoofing
8.0,17,76973.83006056157,0.0,0.0,0.0,0.0,0.0,0.0,0.0,0,0.0,0.0,0.0,0.0,0.0,0.0,0.0,0.0,0.0,0.0,0.0,DDoS
31.6,6,56021.15667156405,0.35,0.16,0.14,0.35,0.78,0.0,0.0,14,0.0,0.0,0.0,0.0,0.0,0.0,0.0,0.0,0.0,0.0,0.0,MQTT
8.0,17,156.51147257143072,0.0,0.0,0.0,0.0,0.0,0.0,0.0,0,0.0,0.0,0.0,0.0,0.0,0.0,0.0,0.0,0.0,0.0,0.0,Spoofing
0.0,1,20032.01833986054,0.0,0.0,0.0,0.0,0.0,0.0,0.0,0,0.0,0.0,0.0,0.0,0.0,0.0,0.0,0.0,0.0,1.0,0.0,DoS
24.0,6,100102.72076372316,0.0,1.0,0.0,0.0,0.0,0.0,0.0,0,0.0,0.0,0.0,0.0,0.0,0.0,0.0,0.0,0.0,0.0,0.0,Recon
20.0,6,25126.12472293776,0.0,0.0,0.0,0.0,0.0,0.0,0.0,0,0.0,0.0,0.0,0.0,0.0,0.0,0.0,0.0,0.0,0.0,0.0,DDoS
24.0,6,76959.70642201835,0.0,1.0,0.0,0.0,0.0,0.0,0.0,0,0.0,0.0,0.0,0.0,0.0,0.0,0.0,0.0,0.0,0.0,0.0,Recon
24.56,6,33.31705200252823,0.04,0.04,0.04,0.42,0.88,0.0,0.0,4,0.0,0.32,0.0,0.0,0.0,0.0,0.0,0.0,0.08,0.0,0.0,Benign
33.08,6,85250.081300813,0.26,0.3,0.11,0.12,0.76,0.0,0.0,11,0.0,0.0,0.0,0.0,0.0,0.0,0.0,0.0,0.0,0.0,0.0,MQTT
24.0,6,30283.78339350181,0.0,1.0,0.0,0.0,0.0,0.0,0.0,0,0.0,0.0,0.0,0.0,0.0,0.0,0.0,0.0,0.0,0.0,0.0,Recon
20.0,6,19353.56220007383,0.0,1.0,0.0,0.0,0.0,0.0,0.0,0,0.0,0.0,0.0,0.0,0.0,0.0,0.0,0.0,0.0,0.0,0.0,DoS
31.76,6,99.46743483920478,0.0,0.0,0.0,0.6,0.99,0.0,0.0,0,0.0,0.0,0.0,0.0,0.0,0.0,0.0,0.0,0.0,0.0,0.0,Benign
8.0,17,32291.200246362307,0.0,0.0,0.0,0.0,0.0,0.0,0.0,0,0.0,0.0,0.0,0.0,0.0,0.0,0.0,0.0,0.0,0.0,0.0,DoS
8.0,17,518.8594331803506,0.0,0.0,0.0,0.0,0.0,0.0,0.0,0,0.0,0.0,0.0,0.0,0.0,0.0,0.0,0.0,0.0,0.0,0.0,Spoofing
32.84,6,19736.04366647845,0.25,0.21,0.08,0.28,0.72,0.0,0.0,8,0.0,0.0,0.0,0.0,0.0,0.0,0.0,0.0,0.0,0.0,0.0,MQTT
26.8,6,19.99196280296365,0.0,0.0,0.0,0.41,0.83,0.0,0.0,0,0.0,0.01,0.0,0.0,0.0,0.0,0.0,0.01,0.14,0.0,0.0,Benign
22.6,6,63656.15419638792,0.0,0.87,0.13,0.0,0.65,0.0,0.0,13,0.0,0.0,0.0,0.0,0.0,0.0,0.0,0.0,0.0,0.0,0.0,DoS
28.96,6,24.716654175662683,0.0,0.0,0.0,0.4,0.9,0.0,0.0,0,0.0,0.0,0.0,0.0,0.0,0.0,0.0,0.0,0.08,0.0,0.0,Benign
26.56,6,20.001531718251204,0.0,0.0,0.0,0.41,0.82,0.0,0.0,0,0.0,0.01,0.0,0.0,0.0,0.0,0.0,0.0,0.14,0.0,0.0,Benign
8.0,17,153.2871385550975,0.0,0.0,0.0,0.0,0.0,0.0,0.0,0,0.0,0.0,0.0,0.0,0.0,0.0,0.0,0.0,0.0,0.0,0.0,Spoofing
8.0,17,75193.68949444246,0.0,0.0,0.0,0.0,0.0,0.0,0.0,0,0.0,0.0,0.0,0.0,0.0,0.0,0.0,0.0,0.0,0.0,0.0,DDoS
29.8,6,16.664542363011815,0.0,0.0,0.0,0.45,0.93,0.0,0.0,0,0.0,0.05,0.0,0.0,0.0,0.0,0.0,0.0,0.02,0.0,0.0,Benign
24.0,6,48099.81651376147,0.0,1.0,0.0,0.0,0.0,0.0,0.0,0,0.0,0.0,0.0,0.0,0.0,0.0,0.0,0.0,0.0,0.0,0.0,Recon
28.48,6,20.0216393698672,0.0,0.0,0.0,0.42,0.86,0.0,0.0,0,0.0,0.01,0.0,0.0,0.0,0.0,0.0,0.01,0.02,0.0,0.0,Benign
32.0,6,2406.6467753041084,0.0,0.0,0.0,0.0,1.0,0.0,0.0,0,0.0,0.0,0.0,0.0,0.0,0.0,0.0,0.0,0.0,0.0,0.0,Recon
0.0,1,69835.23143523144,0.0,0.0,0.0,0.0,0.0,0.0,0.0,0,0.0,0.0,0.0,0.0,0.0,0.0,0.0,0.0,0.0,1.0,0.0,DoS
31.28,6,19.99533666650601,0.0,0.0,0.0,0.49,0.97,0.0,0.0,0,0.0,0.02,0.0,0.0,0.0,0.0,0.0,0.0,0.0,0.0,0.0,Benign
21.2,6,15125.510277677606,0.0,0.3,0.7,0.0,0.7,0.0,0.0,7,0.0,0.0,0.0,0.0,0.0,0.0,0.0,0.0,0.0,0.0,0.0,Recon
8.0,17,90.02448986600331,0.0,0.0,0.0,0.0,0.0,0.0,0.0,0,0.0,0.0,0.0,0.0,0.0,0.0,0.0,0.0,0.0,0.0,0.0,Spoofing
8.0,17,224.13971110837977,0.0,0.0,0.0,0.0,0.0,0.0,0.0,0,0.0,0.0,0.0,0.0,0.0,0.0,0.0,0.0,0.0,0.0,0.0,Spoofing
32.56,6,24201.165541515205,0.53,0.16,0.06,0.24,0.78,0.0,0.0,6,0.0,0.0,0.0,0.0,0.0,0.0,0.0,0.0,0.0,0.0,0.0,MQTT
21.2,6,4189.276867758689,0.0,0.3,0.7,0.0,0.7,0.0,0.0,7,0.0,0.0,0.0,0.0,0.0,0.0,0.0,0.0,0.0,0.0,0.0,Recon
0.0,1,198406.05487228004,0.0,0.0,0.0,0.0,0.0,0.0,0.0,0,0.0,0.0,0.0,0.0,0.0,0.0,0.0,0.0,0.0,1.0,0.0,DDoS
8.0,17,167.1936699021386,0.0,0.0,0.0,0.0,0.0,0.0,0.0,0,0.0,0.0,0.2,0.0,0.0,0.0,0.0,0.0,0.0,0.0,0.0,Spoofing
0.0,1,68534.37908496732,0.0,0.0,0.0,0.0,0.0,0.0,0.0,0,0.0,0.0,0.0,0.0,0.0,0.0,0.0,0.0,0.0,1.0,0.0,DoS
32.0,6,50.06159971144456,0.0,0.0,0.0,0.46,1.0,0.0,0.0,0,0.0,0.0,0.0,0.0,0.0,0.0,0.0,0.0,0.0,0.0,0.0,Benign
8.0,17,17655.023782464115,0.0,0.0,0.0,0.0,0.0,0.0,0.0,0,0.0,0.0,0.0,0.0,0.0,0.0,0.0,0.0,0.0,0.0,0.0,DoS
30.4,6,24.98054678179597,0.0,0.0,0.0,0.54,0.95,0.0,0.0,0,0.0,0.03,0.0,0.0,0.0,0.0,0.0,0.0,0.02,0.0,0.0,Benign
31.04,6,16.67159610377185,0.0,0.0,0.0,0.47,0.96,0.0,0.0,0,0.0,0.01,0.0,0.0,0.0,0.0,0.0,0.0,0.0,0.0,0.0,Benign
8.0,17,25921.166800568568,0.0,0.0,0.0,0.0,0.0,0.0,0.0,0,0.0,0.0,0.0,0.0,0.0,0.0,0.0,0.0,0.0,0.0,0.0,DoS
24.0,6,25.01969397536747,0.0,0.0,0.0,0.1,0.7,0.0,0.0,0,0.0,0.5,0.2,0.0,0.0,0.0,0.0,0.0,0.1,0.0,0.0,Spoofing
32.0,6,7949.78013646702,0.0,0.0,0.0,0.56,1.0,0.0,0.0,0,0.0,0.0,0.0,0.0,0.0,0.0,0.0,0.0,0.0,0.0,0.0,MQTT
8.0,17,191.9458160766996,0.0,0.0,0.0,0.0,0.0,0.0,0.0,0,0.0,0.0,0.0,0.0,0.0,0.0,0.0,0.0,0.0,0.0,0.0,Spoofing
24.0,6,28018.06279225117,0.0,1.0,0.0,0.0,0.0,0.0,0.0,0,0.0,0.0,0.0,0.0,0.0,0.0,0.0,0.0,0.0,0.0,0.0,Recon
20.0,6,2848.2303408936573,0.0,0.0,1.0,0.0,1.0,0.0,0.0,10,0.0,0.0,0.0,0.0,0.0,0.0,0.0,0.0,0.0,0.0,0.0,Recon
8.0,17,211.3276298154922,0.0,0.0,0.0,0.0,0.0,0.0,0.0,0,0.0,0.0,0.0,0.0,0.0,0.0,0.0,0.0,0.0,0.0,0.0,Spoofing
20.0,6,403.2092902531171,0.0,0.0,1.0,0.0,1.0,0.0,0.0,10,0.0,0.0,0.0,0.0,0.0,0.0,0.0,0.0,0.0,0.0,0.0,Recon
32.0,6,10.00718394061212,0.0,0.0,0.0,0.5,1.0,0.0,0.0,0,0.0,0.0,0.0,0.0,0.0,0.0,0.0,0.0,0.0,0.0,0.0,Spoofing
8.0,17,41859.32135728543,0.0,0.0,0.0,0.0,0.0,0.0,0.0,0,0.0,0.0,0.0,0.0,0.0,0.0,0.0,0.0,0.0,0.0,0.0,DDoS
8.0,17,150.80860488780064,0.0,0.0,0.0,0.0,0.0,0.0,0.0,0,0.0,0.0,0.0,0.0,0.0,0.0,0.0,0.0,0.0,0.0,0.0,Spoofing
31.48,6,48028.21481735944,0.15,0.1,0.12,0.31,0.83,0.0,0.0,12,0.0,0.0,0.0,0.0,0.0,0.0,0.0,0.0,0.0,0.0,0.0,MQTT
20.0,6,358487.5213675214,0.0,0.0,1.0,0.0,1.0,0.0,0.0,10,0.0,0.0,0.0,0.0,0.0,0.0,0.0,0.0,0.0,0.0,0.0,Recon
27.2,6,514.9544505831799,0.0,0.0,0.0,0.0,0.8,0.0,0.0,0,0.0,0.8,0.0,0.0,0.0,0.0,0.0,0.0,0.0,0.0,0.0,Spoofing
20.0,6,inf,0.0,0.0,1.0,0.0,1.0,0.0,0.0,10,0.0,0.0,0.0,0.0,0.0,0.0,0.0,0.0,0.0,0.0,0.0,Recon
2.88,1,27786.04836038424,0.0,0.0,0.0,0.09,0.09,0.0,0.0,0,0.0,0.0,0.0,0.0,0.0,0.0,0.0,0.0,0.0,0.91,0.0,DoS
29.6,6,8312.136345620293,0.0,0.0,0.0,0.4,0.9,0.0,0.0,0,0.0,0.0,0.0,0.0,0.0,0.0,0.0,0.0,0.0,0.0,0.0,Spoofing
20.0,6,inf,0.0,0.0,1.0,0.0,1.0,0.0,0.0,10,0.0,0.0,0.0,0.0,0.0,0.0,0.0,0.0,0.0,0.0,0.0,Recon
12.8,17,114.6670822158614,0.0,0.0,0.0,0.2,0.3,0.0,0.0,0,0.0,0.2,0.0,0.0,0.0,0.0,0.0,0.0,0.0,0.0,0.0,Spoofing
8.0,17,92691.80110497236,0.0,0.0,0.0,0.0,0.0,0.0,0.0,0,0.0,0.0,0.0,0.0,0.0,0.0,0.0,0.0,0.0,0.0,0.0,DDoS
8.0,17,15246.470374409306,0.0,0.0,0.0,0.0,0.0,0.0,0.0,0,0.0,0.0,0.0,0.0,0.0,0.0,0.0,0.0,0.0,0.0,0.0,DoS
21.2,6,2336.5294412567546,0.0,0.3,0.7,0.0,0.7,0.0,0.0,7,0.0,0.0,0.0,0.0,0.0,0.0,0.0,0.0,0.0,0.0,0.0,Recon
20.0,6,inf,0.0,0.0,1.0,0.0,1.0,0.0,0.0,10,0.0,0.0,0.0,0.0,0.0,0.0,0.0,0.0,0.0,0.0,0.0,Recon
20.0,6,679789.9513776337,0.0,1.0,0.0,0.0,0.0,0.0,0.0,0,0.0,0.0,0.0,0.0,0.0,0.0,0.0,0.0,0.0,0.0,0.0,DoS
20.0,6,inf,0.0,0.0,1.0,0.0,1.0,0.0,0.0,10,0.0,0.0,0.0,0.0,0.0,0.0,0.0,0.0,0.0,0.0,0.0,Recon
20.0,6,inf,0.0,0.0,1.0,0.0,1.0,0.0,0.0,10,0.0,0.0,0.0,0.0,0.0,0.0,0.0,0.0,0.0,0.0,0.0,Recon
31.52,6,77514.3965995195,0.21,0.21,0.18,0.13,0.75,0.0,0.0,18,0.0,0.0,0.0,0.0,0.0,0.0,0.0,0.0,0.0,0.0,0.0,MQTT
20.0,6,24348.682224544293,0.0,0.93,0.07,0.0,0.0,0.0,0.0,7,0.0,0.0,0.0,0.0,0.0,0.0,0.0,0.0,0.0,0.0,0.0,DoS
8.0,17,22603.492131924984,0.0,0.0,0.0,0.0,0.0,0.0,0.0,0,0.0,0.0,0.0,0.0,0.0,0.0,0.0,0.0,0.0,0.0,0.0,DoS
20.0,6,inf,0.0,0.0,1.0,0.0,1.0,0.0,0.0,10,0.0,0.0,0.0,0.0,0.0,0.0,0.0,0.0,0.0,0.0,0.0,Recon
7.2,17,153.64989120002343,0.0,0.0,0.0,0.0,0.0,0.0,0.0,0,0.0,0.0,0.0,0.0,0.0,0.0,0.0,0.0,0.1,0.0,0.0,Recon
23.6,6,105120.40100250626,0.0,0.9,0.1,0.0,0.1,0.0,0.0,1,0.0,0.1,0.0,0.0,0.0,0.0,0.1,0.0,0.0,0.0,0.0,Recon
20.0,6,5279.838872104733,0.0,0.0,1.0,0.0,1.0,0.0,0.0,10,0.0,0.0,0.0,0.0,0.0,0.0,0.0,0.0,0.0,0.0,0.0,Recon
32.0,6,1328.0258366842922,0.0,0.0,0.0,0.1,1.0,0.0,0.0,0,0.0,1.0,0.0,0.0,0.0,0.0,0.0,0.0,0.0,0.0,0.0,Spoofing
20.0,6,7225.329888027562,0.0,0.0,1.0,0.0,1.0,0.0,0.0,10,0.0,0.0,0.0,0.0,0.0,0.0,0.0,0.0,0.0,0.0,0.0,Recon
24.0,6,149263.487544484,0.0,1.0,0.0,0.0,0.0,0.0,0.0,0,0.0,0.0,0.0,0.0,0.0,0.0,0.0,0.0,0.0,0.0,0.0,Recon
20.0,6,inf,0.0,0.0,1.0,0.0,1.0,0.0,0.0,10,0.0,0.0,0.0,0.0,0.0,0.0,0.0,0.0,0.0,0.0,0.0,Recon
8.0,17,155.13716845255047,0.0,0.0,0.0,0.0,0.0,0.0,0.0,0,0.0,0.0,0.0,0.0,0.0,0.0,0.0,0.0,0.0,0.0,0.0,Spoofing
24.0,6,1662.4931626303064,0.0,1.0,0.0,0.0,0.0,0.0,0.0,0,0.0,0.0,0.0,0.0,0.0,0.0,0.0,0.0,0.0,0.0,0.0,Recon
8.0,17,156.57515734774785,0.0,0.0,0.0,0.0,0.0,0.0,0.0,0,0.0,0.0,0.2,0.0,0.0,0.0,0.0,0.0,0.0,0.0,0.0,Spoofing
8.0,17,728.9244191098521,0.0,0.0,0.0,0.0,0.0,0.0,0.0,0,0.0,0.0,0.0,0.0,0.0,0.0,0.0,0.0,0.0,0.0,0.0,Spoofing
32.0,6,8216.070519098923,0.0,0.0,0.0,0.5,1.0,0.0,0.0,0,0.0,0.0,0.0,0.0,0.0,0.0,0.0,0.0,0.0,0.0,0.0,Spoofing
8.0,17,31674.24860293007,0.0,0.0,0.0,0.0,0.0,0.0,0.0,0,0.0,0.0,0.0,0.0,0.0,0.0,0.0,0.0,0.0,0.0,0.0,DoS
0.0,1,34105.578142787446,0.0,0.0,0.0,0.0,0.0,0.0,0.0,0,0.0,0.0,0.0,0.0,0.0,0.0,0.0,0.0,0.0,1.0,0.0,DoS
32.0,6,63.19359130239573,0.0,0.0,0.0,0.4,1.0,0.0,0.0,0,0.0,0.0,0.0,0.0,0.0,0.0,0.0,0.0,0.0,0.0,0.0,MQTT
8.0,17,449.4153951654381,0.0,0.0,0.0,0.0,0.0,0.0,0.0,0,0.0,0.0,0.0,0.0,0.0,0.0,0.0,0.0,0.0,0.0,0.0,Spoofing
20.0,6,55436.21464446207,0.0,1.0,0.0,0.0,0.0,0.0,0.0,0,0.0,0.0,0.0,0.0,0.0,0.0,0.0,0.0,0.0,0.0,0.0,DDoS
8.0,17,20951.615964833407,0.0,0.0,0.0,0.0,0.0,0.0,0.0,0,0.0,0.0,0.0,0.0,0.0,0.0,0.0,0.0,0.0,0.0,0.0,DoS
8.0,17,80443.11469121596,0.0,0.0,0.0,0.0,0.0,0.0,0.0,0,0.0,0.0,0.0,0.0,0.0,0.0,0.0,0.0,0.0,0.0,0.0,DDoS
27.44,6,5415.98853350206,0.01,0.0,0.38,0.2,0.62,0.0,0.0,38,0.0,0.0,0.0,0.0,0.0,0.0,0.0,0.0,0.0,0.0,0.0,MQTT
24.4,6,7.6093303875470015,0.1,0.1,0.0,0.2,0.9,0.0,0.0,0,0.0,0.2,0.0,0.0,0.0,0.0,0.0,0.0,0.0,0.0,0.0,Recon
32.0,6,7944.058487063904,0.0,0.0,0.0,0.33,1.0,0.0,0.0,0,0.0,0.0,0.0,0.0,0.0,0.0,0.0,0.0,0.0,0.0,0.0,MQTT
0.0,1,29568.58653507226,0.0,0.0,0.0,0.0,0.0,0.0,0.0,0,0.0,0.0,0.0,0.0,0.0,0.0,0.0,0.0,0.0,1.0,0.0,DDoS
33.44,6,13037.935965184955,0.06,0.3,0.12,0.18,0.81,0.0,0.0,12,0.0,0.0,0.0,0.0,0.0,0.0,0.0,0.0,0.0,0.0,0.0,MQTT
20.0,6,37121.01955925303,0.0,1.0,0.0,0.0,0.0,0.0,0.0,0,0.0,0.0,0.0,0.0,0.0,0.0,0.0,0.0,0.0,0.0,0.0,DDoS
32.4,6,36996.59521919379,0.15,0.14,0.07,0.21,0.8,0.0,0.0,7,0.0,0.0,0.0,0.0,0.0,0.0,0.0,0.0,0.0,0.0,0.0,MQTT
20.0,6,38036.67361929809,0.0,0.0,0.0,0.0,0.0,0.0,0.0,0,0.0,0.0,0.0,0.0,0.0,0.0,0.0,0.0,0.0,0.0,0.0,DoS
32.0,6,5608.857983418026,0.0,0.0,0.0,0.5,1.0,0.0,0.0,0,0.0,0.0,0.0,0.0,0.0,0.0,0.0,0.0,0.0,0.0,0.0,Spoofing
8.0,17,189.31892555529976,0.0,0.0,0.0,0.0,0.0,0.0,0.0,0,0.0,0.0,0.0,0.0,0.0,0.0,0.0,0.0,0.0,0.0,0.0,Recon
8.0,17,31182.097985279903,0.0,0.0,0.0,0.0,0.0,0.0,0.0,0,0.0,0.0,0.0,0.0,0.0,0.0,0.0,0.0,0.0,0.0,0.0,DDoS
28.72,6,20.00823550648174,0.0,0.0,0.0,0.37,0.89,0.0,0.0,0,0.0,0.01,0.0,0.0,0.0,0.0,0.0,0.0,0.08,0.0,0.0,Benign
32.0,6,4626.0025587859,0.0,0.0,0.0,0.57,1.0,0.0,0.0,0,0.0,0.0,0.0,0.0,0.0,0.0,0.0,0.0,0.0,0.0,0.0,MQTT
8.0,17,45724.452196664126,0.0,0.0,0.0,0.0,0.0,0.0,0.0,0,0.0,0.0,0.0,0.0,0.0,0.0,0.0,0.0,0.0,0.0,0.0,DDoS
20.0,6,inf,0.0,0.0,1.0,0.0,1.0,0.0,0.0,10,0.0,0.0,0.0,0.0,0.0,0.0,0.0,0.0,0.0,0.0,0.0,Recon
20.0,6,28702.55252172723,0.0,1.0,0.0,0.0,0.0,0.0,0.0,0,0.0,0.0,0.0,0.0,0.0,0.0,0.0,0.0,0.0,0.0,0.0,DoS
8.0,17,27885.805465062163,0.0,0.0,0.0,0.0,0.0,0.0,0.0,0,0.0,0.0,0.0,0.0,0.0,0.0,0.0,0.0,0.0,0.0,0.0,DoS
32.0,6,669.4711975866308,0.0,0.0,0.0,0.4,1.0,0.0,0.0,0,0.0,0.2,0.0,0.0,0.0,0.0,0.0,0.0,0.0,0.0,0.0,Spoofing
21.6,6,117.93712163176704,0.0,0.7,0.1,0.0,0.2,0.0,0.0,1,0.0,0.1,0.1,0.0,0.0,0.0,0.0,0.0,0.0,0.0,0.0,Recon
23.4,6,25094.55546248654,0.0,0.93,0.07,0.0,0.85,0.0,0.0,7,0.0,0.0,0.0,0.0,0.0,0.0,0.0,0.0,0.0,0.0,0.0,DoS
8.0,17,209.08272475760825,0.0,0.0,0.0,0.0,0.0,0.0,0.0,0,0.0,0.0,0.0,0.0,0.0,0.0,0.0,0.0,0.0,0.0,0.0,Spoofing
27.84,6,42107.25830739886,0.15,0.05,0.4,0.19,0.57,0.0,0.0,40,0.0,0.0,0.0,0.0,0.0,0.0,0.0,0.0,0.0,0.0,0.0,MQTT
30.96,6,16.683052182228888,0.0,0.0,0.0,0.47,0.96,0.0,0.0,0,0.0,0.01,0.0,0.0,0.0,0.0,0.0,0.0,0.01,0.0,0.0,Benign
0.0,1,65454.1822721598,0.0,0.0,0.0,0.0,0.0,0.0,0.0,0,0.0,0.0,0.0,0.0,0.0,0.0,0.0,0.0,0.0,1.0,0.0,DDoS
8.0,17,31368.66352554035,0.0,0.0,0.0,0.0,0.0,0.0,0.0,0,0.0,0.0,0.0,0.0,0.0,0.0,0.0,0.0,0.0,0.0,0.0,DoS
20.0,6,10335.889600788563,0.0,0.99,0.01,0.0,0.0,0.0,0.0,1,0.0,0.0,0.0,0.0,0.0,0.0,0.0,0.0,0.0,0.0,0.0,DoS
8.0,17,55679.065445373686,0.0,0.0,0.0,0.0,0.0,0.0,0.0,0,0.0,0.0,0.0,0.0,0.0,0.0,0.0,0.0,0.0,0.0,0.0,DDoS
20.0,6,31406.24485211532,0.0,0.0,0.0,0.0,0.0,0.0,0.0,0,0.0,0.0,0.0,0.0,0.0,0.0,0.0,0.0,0.0,0.0,0.0,DoS
32.0,6,7598.376811594203,0.0,0.0,0.0,0.0,1.0,0.0,0.0,0,0.0,1.0,0.0,0.0,0.0,0.0,0.0,0.0,0.0,0.0,0.0,Spoofing
20.0,6,5115.0048780487805,0.0,0.0,1.0,0.0,1.0,0.0,0.0,10,0.0,0.0,0.0,0.0,0.0,0.0,0.0,0.0,0.0,0.0,0.0,Recon
32.0,6,4832.314480915239,0.0,0.0,0.0,0.38,1.0,0.0,0.0,0,0.0,0.0,0.0,0.0,0.0,0.0,0.0,0.0,0.0,0.0,0.0,MQTT
8.0,17,44782.23361093316,0.0,0.0,0.0,0.0,0.0,0.0,0.0,0,0.0,0.0,0.0,0.0,0.0,0.0,0.0,0.0,0.0,0.0,0.0,DoS
23.2,6,14.612919825340532,0.0,0.0,0.0,0.3,0.7,0.0,0.0,0,0.0,0.0,0.1,0.0,0.0,0.0,0.0,0.0,0.2,0.0,0.0,Spoofing
8.0,17,13313.982795289336,0.0,0.0,0.0,0.0,0.0,0.0,0.0,0,0.0,0.0,0.0,0.0,0.0,0.0,0.0,0.0,0.0,0.0,0.0,DoS
33.0,6,15767.467388444044,0.09,0.35,0.16,0.21,0.71,0.0,0.0,16,0.0,0.0,0.0,0.0,0.0,0.0,0.0,0.0,0.0,0.0,0.0,MQTT
12.8,17,155.13028297943953,0.0,0.0,0.0,0.1,0.2,0.0,0.0,0,0.0,0.0,0.0,0.0,0.0,0.0,0.0,0.0,0.0,0.0,0.0,Spoofing
22.56,6,63530.8088458043,0.0,0.64,0.36,0.0,0.64,0.0,0.0,36,0.0,0.0,0.0,0.0,0.0,0.0,0.0,0.0,0.0,0.0,0.0,DoS
20.0,6,30979.42240933599,0.0,1.0,0.0,0.0,0.0,0.0,0.0,0,0.0,0.0,0.0,0.0,0.0,0.0,0.0,0.0,0.0,0.0,0.0,DoS
30.56,6,19.99580471321401,0.0,0.0,0.0,0.47,0.94,0.0,0.0,0,0.0,0.01,0.0,0.0,0.0,0.0,0.0,0.01,0.0,0.0,0.0,Benign
8.0,17,32288.714395688992,0.0,0.0,0.0,0.0,0.0,0.0,0.0,0,0.0,0.0,0.0,0.0,0.0,0.0,0.0,0.0,0.0,0.0,0.0,DoS
16.0,6,33.586137313624064,0.0,0.0,0.0,0.1,0.4,0.0,0.0,0,0.0,0.4,0.0,0.0,0.0,0.0,0.0,0.0,0.0,0.2,0.0,Spoofing
20.0,6,58141.16994732465,0.0,1.0,0.0,0.0,0.0,0.0,0.0,0,0.0,0.0,0.0,0.0,0.0,0.0,0.0,0.0,0.0,0.0,0.0,DDoS
0.0,1,86284.79736679695,0.0,0.0,0.0,0.0,0.0,0.0,0.0,0,0.0,0.0,0.0,0.0,0.0,0.0,0.0,0.0,0.0,1.0,0.0,DDoS
34.52,6,32893.922045329775,0.12,0.42,0.11,0.12,0.86,0.0,0.0,11,0.0,0.0,0.0,0.0,0.0,0.0,0.0,0.0,0.0,0.0,0.0,MQTT
30.52,6,7067.185630760418,0.11,0.25,0.3,0.11,0.49,0.0,0.0,30,0.0,0.0,0.0,0.0,0.0,0.0,0.0,0.0,0.0,0.0,0.0,MQTT
33.04,6,3906.69324341946,0.04,0.22,0.18,0.25,0.83,0.0,0.0,18,0.0,0.0,0.0,0.0,0.0,0.0,0.0,0.0,0.0,0.0,0.0,MQTT
20.0,6,8065.814118959251,0.0,1.0,0.0,0.0,0.0,0.0,0.0,0,0.0,0.0,0.0,0.0,0.0,0.0,0.0,0.0,0.0,0.0,0.0,DoS
31.16,6,16.66464167935628,0.0,0.0,0.0,0.49,0.97,0.0,0.0,0,0.0,0.01,0.0,0.0,0.0,0.0,0.0,0.0,0.0,0.0,0.0,Benign
29.72,6,19.989229283766434,0.0,0.0,0.0,0.44,0.92,0.0,0.0,0,0.0,0.04,0.0,0.0,0.0,0.0,0.0,0.01,0.0,0.0,0.0,Benign
30.04,6,60831.09499637419,0.09,0.19,0.29,0.15,0.67,0.0,0.0,29,0.0,0.0,0.0,0.0,0.0,0.0,0.0,0.0,0.0,0.0,0.0,MQTT
30.96,6,16.660174939018408,0.0,0.0,0.0,0.47,0.96,0.0,0.0,0,0.0,0.01,0.0,0.0,0.0,0.0,0.0,0.0,0.01,0.0,0.0,Benign
33.28,6,32020.0320635163,0.17,0.34,0.12,0.17,0.7,0.0,0.0,12,0.0,0.0,0.0,0.0,0.0,0.0,0.0,0.0,0.0,0.0,0.0,MQTT
30.52,6,24.98814876677172,0.01,0.01,0.02,0.47,0.94,0.0,0.0,2,0.0,0.18,0.02,0.0,0.0,0.0,0.0,0.01,0.0,0.0,0.0,Benign
8.0,17,306.33469423527777,0.0,0.0,0.0,0.0,0.0,0.0,0.0,0,0.0,0.0,0.0,0.0,0.0,0.0,0.0,0.0,0.0,0.0,0.0,Spoofing
20.0,6,48260.31526866874,0.0,0.0,0.0,0.0,0.0,0.0,0.0,0,0.0,0.0,0.0,0.0,0.0,0.0,0.0,0.0,0.0,0.0,0.0,DDoS
31.52,6,99.51309971040322,0.0,0.0,0.0,0.57,0.99,0.0,0.0,0,0.0,0.02,0.0,0.0,0.0,0.0,0.0,0.0,0.0,0.0,0.0,Benign
20.0,6,88580.86589229145,0.0,1.0,0.0,0.0,0.0,0.0,0.0,0,0.0,0.0,0.0,0.0,0.0,0.0,0.0,0.0,0.0,0.0,0.0,DDoS
0.0,1,86498.32955248505,0.0,0.0,0.0,0.0,0.0,0.0,0.0,0,0.0,0.0,0.0,0.0,0.0,0.0,0.0,0.0,0.0,1.0,0.0,DDoS
0.0,1,36954.220264317184,0.0,0.0,0.0,0.0,0.0,0.0,0.0,0,0.0,0.0,0.0,0.0,0.0,0.0,0.0,0.0,0.0,1.0,0.0,DDoS
8.0,17,23643.201803833144,0.0,0.0,0.0,0.0,0.0,0.0,0.0,0,0.0,0.0,0.0,0.0,0.0,0.0,0.0,0.0,0.0,0.0,0.0,Spoofing
28.4,6,5237.249956296981,0.0,0.03,0.32,0.46,0.65,0.0,0.0,32,0.0,0.0,0.0,0.0,0.0,0.0,0.0,0.0,0.0,0.0,0.0,MQTT
30.2,6,35674.95109296589,0.14,0.21,0.29,0.21,0.57,0.0,0.0,29,0.0,0.0,0.0,0.0,0.0,0.0,0.0,0.0,0.0,0.0,0.0,MQTT
24.0,6,117487.50700280113,0.0,1.0,0.0,0.0,0.0,0.0,0.0,0,0.0,0.0,0.0,0.0,0.0,0.0,0.0,0.0,0.0,0.0,0.0,Recon
0.0,1,55159.17937927407,0.0,0.0,0.0,0.0,0.0,0.0,0.0,0,0.0,0.0,0.0,0.0,0.0,0.0,0.0,0.0,0.0,1.0,0.0,DoS
32.0,6,22431.83228152744,0.0,0.0,0.0,0.0,1.0,0.0,0.0,0,0.0,0.0,0.0,0.0,0.0,0.0,0.0,0.0,0.0,0.0,0.0,MQTT
22.4,6,911805.2173913044,0.0,0.9,0.0,0.0,0.0,0.0,0.0,0,0.0,0.0,0.0,0.0,0.0,0.0,0.0,0.0,0.0,0.0,0.0,Recon
8.0,17,86125.3388090349,0.0,0.0,0.0,0.0,0.0,0.0,0.0,0,0.0,0.0,0.0,0.0,0.0,0.0,0.0,0.0,0.0,0.0,0.0,DDoS
30.8,6,16.660685170073844,0.0,0.0,0.0,0.47,0.95,0.0,0.0,0,0.0,0.0,0.02,0.0,0.0,0.0,0.0,0.0,0.0,0.0,0.0,Benign
31.76,6,33.38417803349765,0.0,0.0,0.0,0.45,0.99,0.0,0.0,0,0.0,0.0,0.0,0.0,0.0,0.0,0.0,0.0,0.0,0.0,0.0,Benign
32.12,6,20635.166781462165,0.08,0.21,0.15,0.15,0.79,0.0,0.0,15,0.0,0.0,0.0,0.0,0.0,0.0,0.0,0.0,0.0,0.0,0.0,MQTT
29.0,6,51653.99014778325,0.18,0.12,0.33,0.17,0.58,0.0,0.0,33,0.0,0.0,0.0,0.0,0.0,0.0,0.0,0.0,0.0,0.0,0.0,MQTT
22.56,6,147947.23104056437,0.0,1.0,0.0,0.0,0.64,0.0,0.0,0,0.0,0.0,0.0,0.0,0.0,0.0,0.0,0.0,0.0,0.0,0.0,DDoS
20.0,6,30561.818711745847,0.0,1.0,0.0,0.0,0.0,0.0,0.0,0,0.0,0.0,0.0,0.0,0.0,0.0,0.0,0.0,0.0,0.0,0.0,DDoS
32.0,6,95.9583505968822,0.0,0.0,0.0,0.49,1.0,0.0,0.0,0,0.0,0.0,0.0,0.0,0.0,0.0,0.0,0.0,0.0,0.0,0.0,Benign
20.0,6,2645.71442989428,0.0,1.0,0.0,0.0,0.0,0.0,0.0,0,0.0,0.0,0.0,0.0,0.0,0.0,0.0,0.0,0.0,0.0,0.0,DoS
8.0,17,913.9510154275256,0.0,0.0,0.0,0.0,0.0,0.0,0.0,0,0.0,0.0,0.0,0.0,0.0,0.0,0.0,0.0,0.0,0.0,0.0,Benign
8.0,17,18430.020212672465,0.0,0.0,0.0,0.0,0.0,0.0,0.0,0,0.0,0.0,0.0,0.0,0.0,0.0,0.0,0.0,0.0,0.0,0.0,DoS
32.0,6,9825.947617485826,0.0,0.0,0.0,1.0,1.0,0.0,0.0,0,0.0,0.0,0.0,0.0,0.0,0.0,0.0,0.0,0.0,0.0,0.0,MQTT
0.0,1,18600.84260942836,0.0,0.0,0.0,0.0,0.0,0.0,0.0,0,0.0,0.0,0.0,0.0,0.0,0.0,0.0,0.0,0.0,1.0,0.0,DoS
20.0,6,47619.255222524975,0.0,0.0,0.0,0.0,0.0,0.0,0.0,0,0.0,0.0,0.0,0.0,0.0,0.0,0.0,0.0,0.0,0.0,0.0,DDoS
8.0,17,24066.467753041085,0.0,0.0,0.0,0.0,0.0,0.0,0.0,0,0.0,0.0,0.0,0.0,0.0,0.0,0.0,0.0,0.0,0.0,0.0,DoS
30.68,6,17.717984267029617,0.0,0.0,0.0,0.47,0.95,0.0,0.0,0,0.0,0.02,0.0,0.0,0.0,0.0,0.0,0.0,0.0,0.0,0.0,Benign
32.48,6,41750.98546685248,0.52,0.06,0.0,0.31,1.0,0.0,0.0,0,0.0,0.0,0.0,0.0,0.0,0.0,0.0,0.0,0.0,0.0,0.0,MQTT
24.0,6,112447.82841823057,0.0,1.0,0.0,0.0,0.0,0.0,0.0,0,0.0,0.0,0.0,0.0,0.0,0.0,0.0,0.0,0.0,0.0,0.0,Recon
24.0,6,384798.53211009176,0.0,1.0,0.0,0.0,0.0,0.0,0.0,0,0.0,0.0,0.0,0.0,0.0,0.0,0.0,0.0,0.0,0.0,0.0,Recon
7.92,17,50655.84541062802,0.0,0.0,0.0,0.0,0.0,0.0,0.0,0,0.0,0.0,0.0,0.0,0.0,0.0,0.0,0.0,0.0,0.01,0.0,DDoS
29.6,6,48.30661536140381,0.0,0.0,0.0,0.4,0.9,0.0,0.0,0,0.0,0.0,0.1,0.0,0.0,0.0,0.0,0.0,0.0,0.0,0.0,Spoofing
0.0,1,23063.36742549213,0.0,0.0,0.0,0.0,0.0,0.0,0.0,0,0.0,0.0,0.0,0.0,0.0,0.0,0.0,0.0,0.0,1.0,0.0,DoS
31.28,6,23.968112948488805,0.0,0.0,0.0,0.54,0.97,0.0,0.0,0,0.0,0.02,0.0,0.0,0.0,0.0,0.0,0.0,0.0,0.0,0.0,Benign
31.32,6,20000.495922941205,0.52,0.08,0.11,0.1,0.86,0.0,0.0,11,0.0,0.12,0.0,0.0,0.0,0.0,0.0,0.0,0.0,0.0,0.0,MQTT
30.92,6,16.660832752457672,0.0,0.0,0.0,0.49,0.96,0.0,0.0,0,0.0,0.0,0.0,0.0,0.0,0.0,0.0,0.0,0.0,0.0,0.0,Benign
29.88,6,25.005714411082987,0.02,0.02,0.02,0.44,0.89,0.0,0.0,2,0.0,0.29,0.04,0.0,0.0,0.0,0.0,0.0,0.0,0.0,0.0,Benign
8.0,17,813.8116765944236,0.0,0.0,0.0,0.0,0.0,0.0,0.0,0,0.0,0.0,0.0,0.0,0.0,0.0,0.0,0.0,0.0,0.0,0.0,Spoofing
20.0,6,15358.687612142518,0.0,0.0,0.0,0.0,0.0,0.0,0.0,0,0.0,0.0,0.0,0.0,0.0,0.0,0.0,0.0,0.0,0.0,0.0,DoS
0.0,1,21863.552960800665,0.0,0.0,0.0,0.0,0.0,0.0,0.0,0,0.0,0.0,0.0,0.0,0.0,0.0,0.0,0.0,0.0,1.0,0.0,DDoS
20.0,6,35087.03362891082,0.0,1.0,0.0,0.0,0.0,0.0,0.0,0,0.0,0.0,0.0,0.0,0.0,0.0,0.0,0.0,0.0,0.0,0.0,DoS
8.0,17,451.6074293405114,0.0,0.0,0.0,0.0,0.0,0.0,0.0,0,0.0,0.0,0.0,0.0,0.0,0.0,0.0,0.0,0.0,0.0,0.0,Spoofing
32.8,6,60532.60210708616,0.45,0.1,0.0,0.44,0.9,0.0,0.0,0,0.0,0.0,0.0,0.0,0.0,0.0,0.0,0.0,0.0,0.0,0.0,MQTT
0.0,1,32627.80241151303,0.0,0.0,0.0,0.0,0.0,0.0,0.0,0,0.0,0.0,0.0,0.0,0.0,0.0,0.0,0.0,0.0,1.0,0.0,DDoS
18.8,6,1962.706598034628,0.0,0.0,0.9,0.0,0.9,0.0,0.0,9,0.0,0.0,0.0,0.0,0.0,0.0,0.0,0.0,0.0,0.0,0.0,Recon
29.8,6,11731.662564332066,0.01,0.07,0.23,0.45,0.7,0.0,0.0,23,0.0,0.0,0.0,0.0,0.0,0.0,0.0,0.0,0.0,0.0,0.0,MQTT
29.56,6,45516.04991861096,0.2,0.13,0.3,0.25,0.6,0.0,0.0,30,0.0,0.0,0.0,0.0,0.0,0.0,0.0,0.0,0.0,0.0,0.0,MQTT
20.0,6,inf,0.0,0.0,1.0,0.0,1.0,0.0,0.0,10,0.0,0.0,0.0,0.0,0.0,0.0,0.0,0.0,0.0,0.0,0.0,Recon
8.0,17,141.06182189965628,0.0,0.0,0.0,0.0,0.0,0.0,0.0,0,0.0,0.0,0.0,0.0,0.0,0.0,0.0,0.0,0.0,0.0,0.0,Spoofing
30.76,6,4860.706918530536,0.09,0.16,0.21,0.24,0.63,0.0,0.0,21,0.0,0.0,0.0,0.0,0.0,0.0,0.0,0.0,0.0,0.0,0.0,MQTT
31.4,6,38.23821226613727,0.01,0.0,0.0,0.15,0.98,0.0,0.0,0,0.0,0.69,0.0,0.0,0.0,0.0,0.0,0.0,0.0,0.0,0.0,Benign
32.0,6,399.83222372204045,0.0,0.0,0.0,0.01,1.0,0.0,0.0,0,0.0,1.0,0.0,0.0,0.0,0.0,0.0,0.0,0.0,0.0,0.0,Benign
8.0,17,18033.812021669964,0.0,0.0,0.0,0.0,0.0,0.0,0.0,0,0.0,0.0,0.0,0.0,0.0,0.0,0.0,0.0,0.0,0.0,0.0,DoS
20.0,6,12800.781297686626,0.0,1.0,0.0,0.0,0.0,0.0,0.0,0,0.0,0.0,0.0,0.0,0.0,0.0,0.0,0.0,0.0,0.0,0.0,DDoS
18.8,6,2483.3060982830075,0.0,0.0,0.9,0.0,0.9,0.0,0.0,9,0.1,0.1,0.0,0.0,0.0,0.0,0.0,0.0,0.0,0.0,0.0,Recon
24.0,6,2390.0529944726195,0.0,1.0,0.0,0.0,0.0,0.0,0.0,0,0.0,0.0,0.0,0.0,0.0,0.0,0.0,0.0,0.0,0.0,0.0,Recon
18.4,6,12.77269897959805,0.0,0.0,0.0,0.2,0.5,0.0,0.0,0,0.0,0.0,0.0,0.0,0.0,0.0,0.0,0.0,0.1,0.1,0.0,Spoofing
20.0,6,inf,0.0,0.0,1.0,0.0,1.0,0.0,0.0,10,0.0,0.0,0.0,0.0,0.0,0.0,0.0,0.0,0.0,0.0,0.0,Recon
30.68,6,19.99517366556668,0.01,0.0,0.0,0.48,0.97,0.0,0.0,0,0.0,0.06,0.0,0.0,0.0,0.0,0.0,0.0,0.0,0.0,0.0,Benign
24.0,6,2735.1183567003586,0.0,1.0,0.0,0.0,0.0,0.0,0.0,0,0.0,0.0,0.0,0.0,0.0,0.0,0.0,0.0,0.0,0.0,0.0,Recon
0.0,1,18932.49074659204,0.0,0.0,0.0,0.0,0.0,0.0,0.0,0,0.0,0.0,0.0,0.0,0.0,0.0,0.0,0.0,0.0,1.0,0.0,DoS
0.0,1,60646.38519375362,0.0,0.0,0.0,0.0,0.0,0.0,0.0,0,0.0,0.0,0.0,0.0,0.0,0.0,0.0,0.0,0.0,1.0,0.0,DDoS
24.8,6,1965.37369382878,0.0,0.9,0.0,0.0,0.1,0.0,0.0,0,0.0,0.0,0.0,0.0,0.0,0.0,0.0,0.0,0.0,0.0,0.0,Recon
20.0,6,21289.802548094005,0.0,0.98,0.02,0.0,0.0,0.0,0.0,2,0.0,0.0,0.0,0.0,0.0,0.0,0.0,0.0,0.0,0.0,0.0,DoS
31.04,6,16.66900614618096,0.0,0.0,0.0,0.49,0.96,0.0,0.0,0,0.0,0.01,0.0,0.0,0.0,0.0,0.0,0.0,0.0,0.0,0.0,Benign
30.8,6,69.70647292530248,0.0,0.0,0.0,0.42,0.95,0.0,0.0,0,0.0,0.02,0.0,0.0,0.0,0.0,0.0,0.01,0.0,0.0,0.0,Benign
0.0,1,163306.23440603894,0.0,0.0,0.0,0.0,0.0,0.0,0.0,0,0.0,0.0,0.0,0.0,0.0,0.0,0.0,0.0,0.0,1.0,0.0,DDoS
0.0,1,19908.41086007215,0.0,0.0,0.0,0.0,0.0,0.0,0.0,0,0.0,0.0,0.0,0.0,0.0,0.0,0.0,0.0,0.0,1.0,0.0,DoS
8.0,17,67389.2030848329,0.0,0.0,0.0,0.0,0.0,0.0,0.0,0,0.0,0.0,0.0,0.0,0.0,0.0,0.0,0.0,0.0,0.0,0.0,DDoS
24.0,6,295373.5211267606,0.0,1.0,0.0,0.0,0.0,0.0,0.0,0,0.0,0.0,0.0,0.0,0.0,0.0,0.0,0.0,0.0,0.0,0.0,Recon
30.88,6,19.998028949459147,0.01,0.01,0.0,0.47,0.95,0.0,0.0,0,0.05,0.0,0.01,0.0,0.0,0.0,0.0,0.01,0.0,0.0,0.0,Benign
8.0,17,25575.024390243903,0.0,0.0,0.0,0.0,0.0,0.0,0.0,0,0.0,0.0,0.0,0.0,0.0,0.0,0.0,0.0,0.0,0.0,0.0,DoS
31.28,6,20.007914813103174,0.0,0.0,0.0,0.49,0.98,0.0,0.0,0,0.0,0.02,0.0,0.0,0.0,0.0,0.0,0.0,0.0,0.0,0.0,Benign
0.0,1,15513.77422695665,0.0,0.0,0.0,0.0,0.0,0.0,0.0,0,0.0,0.0,0.0,0.0,0.0,0.0,0.0,0.0,0.0,1.0,0.0,DoS
25.6,6,803.7220710535393,0.0,0.0,0.0,0.4,0.8,0.0,0.0,0,0.0,0.0,0.0,0.0,0.0,0.0,0.0,0.0,0.2,0.0,0.0,Spoofing
32.16,6,26014.4141909074,0.23,0.11,0.06,0.33,0.86,0.0,0.0,6,0.0,0.0,0.0,0.0,0.0,0.0,0.0,0.0,0.0,0.0,0.0,MQTT
9.2,17,319.8560218407547,0.0,0.0,0.0,0.1,0.1,0.0,0.0,0,0.0,0.1,0.2,0.0,0.0,0.0,0.0,0.0,0.0,0.0,0.0,Spoofing
20.0,6,29867.57815281635,0.0,1.0,0.0,0.0,0.0,0.0,0.0,0,0.0,0.0,0.0,0.0,0.0,0.0,0.0,0.0,0.0,0.0,0.0,DoS
24.0,6,1974.719397363465,0.0,1.0,0.0,0.0,0.0,0.0,0.0,0,0.0,0.0,0.0,0.0,0.0,0.0,0.0,0.0,0.0,0.0,0.0,Recon
32.0,6,34606.46864686468,0.0,0.0,0.0,0.5,1.0,0.0,0.0,0,0.0,0.0,0.0,0.0,0.0,0.0,0.0,0.0,0.0,0.0,0.0,Spoofing
8.0,17,123908.53766617428,0.0,0.0,0.0,0.0,0.0,0.0,0.0,0,0.0,0.0,0.0,0.0,0.0,0.0,0.0,0.0,0.0,0.0,0.0,DDoS
32.0,6,32164.907975460123,0.0,0.0,0.0,0.5,1.0,0.0,0.0,0,0.0,0.0,0.0,0.0,0.0,0.0,0.0,0.0,0.0,0.0,0.0,Spoofing
0.0,1,28490.04211384323,0.0,0.0,0.0,0.0,0.0,0.0,0.0,0,0.0,0.0,0.0,0.0,0.0,0.0,0.0,0.0,0.0,1.0,0.0,DoS
32.0,6,10484.187371894215,0.0,0.0,0.0,0.62,1.0,0.0,0.0,0,0.0,0.0,0.0,0.0,0.0,0.0,0.0,0.0,0.0,0.0,0.0,MQTT
32.0,6,48.021099358459885,0.0,0.0,0.0,0.23,1.0,0.0,0.0,0,0.0,0.6,0.0,0.0,0.0,0.0,0.0,0.0,0.0,0.0,0.0,Benign
28.2,6,21289.802548094005,0.07,0.08,0.4,0.08,0.55,0.0,0.0,40,0.0,0.0,0.0,0.0,0.0,0.0,0.0,0.0,0.0,0.0,0.0,MQTT
19.88,6,31036.73227763801,0.0,0.0,0.0,0.0,0.0,0.0,0.0,0,0.0,0.0,0.0,0.0,0.0,0.0,0.0,0.0,0.0,0.0,0.0,DoS
24.0,6,19047.702089009992,0.0,1.0,0.0,0.0,0.0,0.0,0.0,0,0.0,0.0,0.0,0.0,0.0,0.0,0.0,0.0,0.0,0.0,0.0,Recon
32.0,6,4452.079397091604,0.0,0.0,0.0,0.0,1.0,0.0,0.0,0,0.0,1.0,0.0,0.0,0.0,0.0,0.0,0.0,0.0,0.0,0.0,Spoofing
20.0,6,57111.9825708061,0.0,0.0,0.0,0.0,0.0,0.0,0.0,0,0.0,0.0,0.0,0.0,0.0,0.0,0.0,0.0,0.0,0.0,0.0,DDoS
32.32,6,28248.275862068964,0.23,0.19,0.13,0.16,0.84,0.0,0.0,13,0.0,0.0,0.0,0.0,0.0,0.0,0.0,0.0,0.0,0.0,0.0,MQTT
19.88,6,73262.9519650655,0.0,0.0,0.0,0.0,0.0,0.0,0.0,0,0.0,0.0,0.0,0.0,0.0,0.0,0.0,0.0,0.0,0.0,0.0,DDoS
31.2,6,2713.0038809831826,0.0,0.1,0.0,0.0,0.9,0.0,0.0,0,0.0,1.0,0.0,0.0,0.0,0.0,0.0,0.0,0.0,0.0,0.0,Spoofing
21.48,6,11545.968563327551,0.0,0.97,0.0,0.0,0.46,0.0,0.0,0,0.0,0.0,0.0,0.0,0.0,0.0,0.0,0.0,0.0,0.0,0.0,DoS
8.0,17,23981.154945683247,0.0,0.0,0.0,0.0,0.0,0.0,0.0,0,0.0,0.0,0.0,0.0,0.0,0.0,0.0,0.0,0.0,0.0,0.0,DoS
32.0,6,8336.090629037066,0.0,0.0,0.0,0.02,1.0,0.0,0.0,0,0.0,1.0,0.0,0.0,0.0,0.0,0.0,0.0,0.0,0.0,0.0,Benign
28.24,6,16.734707166244593,0.0,0.0,0.0,0.43,0.87,0.0,0.0,0,0.0,0.01,0.0,0.0,0.0,0.0,0.0,0.01,0.08,0.0,0.0,Benign
32.0,6,11615.353087787316,0.0,0.0,0.0,0.5,1.0,0.0,0.0,0,0.0,0.0,0.0,0.0,0.0,0.0,0.0,0.0,0.0,0.0,0.0,Recon
20.12,6,86730.85194375517,0.0,0.69,0.3,0.0,0.01,0.0,0.0,30,0.0,0.0,0.0,0.0,0.0,0.0,0.0,0.0,0.0,0.0,0.0,DDoS
30.28,6,51100.19493177388,0.25,0.19,0.27,0.23,0.72,0.0,0.0,27,0.0,0.0,0.0,0.0,0.0,0.0,0.0,0.0,0.0,0.0,0.0,MQTT
28.96,6,20.001892268860885,0.0,0.0,0.0,0.46,0.9,0.0,0.0,0,0.0,0.01,0.0,0.0,0.0,0.0,0.0,0.0,0.08,0.0,0.0,Benign
33.56,6,61954.268833087146,0.11,0.36,0.13,0.13,0.64,0.0,0.0,13,0.0,0.0,0.0,0.0,0.0,0.0,0.0,0.0,0.0,0.0,0.0,MQTT
24.0,6,346636.69421487604,0.0,1.0,0.0,0.0,0.0,0.0,0.0,0,0.0,0.0,0.0,0.0,0.0,0.0,0.0,0.0,0.0,0.0,0.0,Recon
8.0,17,71587.3698583376,0.0,0.0,0.0,0.0,0.0,0.0,0.0,0,0.0,0.0,0.0,0.0,0.0,0.0,0.0,0.0,0.0,0.0,0.0,DDoS
0.0,1,23645.867628819484,0.0,0.0,0.0,0.0,0.0,0.0,0.0,0,0.0,0.0,0.0,0.0,0.0,0.0,0.0,0.0,0.0,1.0,0.0,DoS
20.0,6,4527.0415542363735,0.0,0.0,1.0,0.0,1.0,0.0,0.0,10,0.0,0.0,0.0,0.0,0.0,0.0,0.0,0.0,0.0,0.0,0.0,Recon
8.0,17,166.44988213630916,0.0,0.0,0.0,0.0,0.0,0.0,0.0,0,0.0,0.0,0.0,0.0,0.0,0.0,0.0,0.0,0.0,0.0,0.0,Spoofing
8.0,17,39140.57484135871,0.0,0.0,0.0,0.0,0.0,0.0,0.0,0,0.0,0.0,0.0,0.0,0.0,0.0,0.0,0.0,0.0,0.0,0.0,DDoS
19.88,6,32197.006217855225,0.0,0.0,0.0,0.0,0.0,0.0,0.0,0,0.0,0.0,0.0,0.0,0.0,0.0,0.0,0.0,0.0,0.0,0.0,DoS
24.0,6,43464.290155440416,0.0,1.0,0.0,0.0,0.0,0.0,0.0,0,0.0,0.0,0.0,0.0,0.0,0.0,0.0,0.0,0.0,0.0,0.0,Recon
8.0,17,214.4721932462008,0.0,0.0,0.0,0.0,0.0,0.0,0.0,0,0.0,0.0,0.0,0.0,0.0,0.0,0.0,0.0,0.0,0.0,0.0,Spoofing
30.56,6,20.001272282468072,0.0,0.0,0.0,0.49,0.95,0.0,0.0,0,0.0,0.04,0.0,0.0,0.0,0.0,0.0,0.02,0.0,0.0,0.0,Benign
32.0,6,3411.66748007158,0.0,0.0,0.0,0.0,1.0,0.0,0.0,0,0.0,1.0,0.0,0.0,0.0,0.0,0.0,0.0,0.0,0.0,0.0,Spoofing
8.0,17,27211.002984299987,0.0,0.0,0.0,0.0,0.0,0.0,0.0,0,0.0,0.0,0.0,0.0,0.0,0.0,0.0,0.0,0.0,0.0,0.0,DoS
32.0,6,18067.21516261038,0.0,0.0,0.0,0.39,1.0,0.0,0.0,0,0.0,0.0,0.0,0.0,0.0,0.0,0.0,0.0,0.0,0.0,0.0,MQTT
31.2,6,39.03504616578734,0.1,0.1,0.0,0.3,0.7,0.0,0.0,0,0.0,0.0,0.0,0.0,0.0,0.0,0.0,0.0,0.1,0.0,0.0,Recon
25.92,6,24.98804902402349,0.0,0.0,0.0,0.39,0.8,0.0,0.0,0,0.0,0.01,0.0,0.0,0.0,0.0,0.0,0.0,0.16,0.0,0.0,Benign
20.0,6,167103.74501992032,0.0,0.0,1.0,0.0,1.0,0.0,0.0,10,0.0,0.0,0.0,0.0,0.0,0.0,0.0,0.0,0.0,0.0,0.0,Recon
0.16,1,144084.64445207833,0.0,0.0,0.0,0.0,0.0,0.0,0.0,0,0.0,0.0,0.0,0.0,0.0,0.0,0.0,0.0,0.0,0.98,0.0,DDoS
20.0,6,inf,0.0,0.0,1.0,0.0,1.0,0.0,0.0,10,0.0,0.0,0.0,0.0,0.0,0.0,0.0,0.0,0.0,0.0,0.0,Recon
8.0,17,360955.59380378656,0.0,0.0,0.0,0.0,0.0,0.0,0.0,0,0.0,0.0,0.0,0.0,0.0,0.0,0.0,0.0,0.0,0.0,0.0,DDoS
31.28,6,24.99024801529908,0.0,0.0,0.0,0.48,0.97,0.0,0.0,0,0.0,0.0,0.0,0.0,0.0,0.0,0.0,0.0,0.0,0.0,0.0,Benign
29.6,6,12182.12024397328,0.0,0.0,0.0,0.4,0.9,0.0,0.0,0,0.0,0.0,0.0,0.0,0.0,0.0,0.0,0.0,0.0,0.0,0.0,Spoofing
26.24,6,42336.7719794085,0.12,0.09,0.54,0.13,0.37,0.0,0.0,54,0.0,0.0,0.0,0.0,0.0,0.0,0.0,0.0,0.0,0.0,0.0,MQTT
28.8,6,10.001111154031223,0.0,0.1,0.0,0.4,0.8,0.0,0.0,0,0.0,0.1,0.0,0.0,0.0,0.0,0.0,0.0,0.0,0.0,0.0,Spoofing
30.4,6,13668.46118751222,0.0,0.1,0.2,0.4,0.8,0.0,0.0,20,0.0,0.0,0.0,0.0,0.0,0.0,0.0,0.0,0.0,0.0,0.0,MQTT
33.2,6,67023.0744646852,0.32,0.33,0.12,0.2,0.61,0.0,0.0,12,0.0,0.0,0.0,0.0,0.0,0.0,0.0,0.0,0.0,0.0,0.0,MQTT
20.0,6,inf,0.0,0.0,1.0,0.0,1.0,0.0,0.0,10,0.0,0.0,0.0,0.0,0.0,0.0,0.0,0.0,0.0,0.0,0.0,Recon
0.0,1,16069.514577985516,0.0,0.0,0.0,0.0,0.0,0.0,0.0,0,0.0,0.0,0.0,0.0,0.0,0.0,0.0,0.0,0.0,1.0,0.0,DoS
32.0,6,11469.248017500684,0.0,0.0,0.0,0.5,1.0,0.0,0.0,0,0.0,0.0,0.0,0.0,0.0,0.0,0.0,0.0,0.0,0.0,0.0,Recon
35.6,6,49554.63137996219,0.19,0.45,0.0,0.27,0.83,0.0,0.0,0,0.0,0.0,0.0,0.0,0.0,0.0,0.0,0.0,0.0,0.0,0.0,MQTT
